This is XeTeX, Version 3.141592653-2.6-0.999998 (TeX Live 2026) (preloaded format=xelatex 2026.8.19)  19 AUG 2026 17:18
entering extended mode
 restricted \write18 enabled.
 %&-line parsing enabled.
**"Feynman Lectures on Physics.tex"
(./Feynman Lectures on Physics.tex
LaTeX2e <2025-11-01>
L3 programming layer <2026-03-20>
(/usr/share/texlive/texmf-dist/tex/latex/ctex/ctexbook.cls
(/usr/share/texlive/texmf-dist/tex/latex/ctex/config/ctexbackend.cfg
File: ctexbackend.cfg 2022/07/14 v2.5.10 Backend configuration file (CTEX)
)
(/usr/share/texlive/texmf-dist/tex/latex/l3kernel/expl3.sty
Package: expl3 2026-03-20 L3 programming layer (loader) 

(/usr/share/texlive/texmf-dist/tex/latex/l3backend/l3backend-xetex.def
File: l3backend-xetex.def 2026-02-18 L3 backend support: XeTeX
\g__graphics_track_int=\count271
\g__pdfannot_backend_int=\count272
\g__pdfannot_backend_link_int=\count273
))
Document Class: ctexbook 2022/07/14 v2.5.10 Chinese adapter for class book (CTE
X)
(/usr/share/texlive/texmf-dist/tex/latex/ctex/ctexhook.sty
Package: ctexhook 2022/07/14 v2.5.10 Document and package hooks (CTEX)
)
(/usr/share/texlive/texmf-dist/tex/latex/ctex/ctexpatch.sty
Package: ctexpatch 2022/07/14 v2.5.10 Patching commands (CTEX)
)
(/usr/share/texlive/texmf-dist/tex/latex/base/fix-cm.sty
Package: fix-cm 2020/11/24 v1.1t fixes to LaTeX

(/usr/share/texlive/texmf-dist/tex/latex/base/ts1enc.def
File: ts1enc.def 2001/06/05 v3.0e (jk/car/fm) Standard LaTeX file
LaTeX Font Info:    Redeclaring font encoding TS1 on input line 47.
LaTeX Encoding Info:    Redeclaring text command \capitalcedilla (encoding TS1)
 on input line 49.
LaTeX Encoding Info:    Redeclaring text command \capitalogonek (encoding TS1) 
on input line 52.
LaTeX Encoding Info:    Redeclaring text command \capitalgrave (encoding TS1) o
n input line 55.
LaTeX Encoding Info:    Redeclaring text command \capitalacute (encoding TS1) o
n input line 56.
LaTeX Encoding Info:    Redeclaring text command \capitalcircumflex (encoding T
S1) on input line 57.
LaTeX Encoding Info:    Redeclaring text command \capitaltilde (encoding TS1) o
n input line 58.
LaTeX Encoding Info:    Redeclaring text command \capitaldieresis (encoding TS1
) on input line 59.
LaTeX Encoding Info:    Redeclaring text command \capitalhungarumlaut (encoding
 TS1) on input line 60.
LaTeX Encoding Info:    Redeclaring text command \capitalring (encoding TS1) on
 input line 61.
LaTeX Encoding Info:    Redeclaring text command \capitalcaron (encoding TS1) o
n input line 62.
LaTeX Encoding Info:    Redeclaring text command \capitalbreve (encoding TS1) o
n input line 63.
LaTeX Encoding Info:    Redeclaring text command \capitalmacron (encoding TS1) 
on input line 64.
LaTeX Encoding Info:    Redeclaring text command \capitaldotaccent (encoding TS
1) on input line 65.
LaTeX Encoding Info:    Redeclaring text command \t (encoding TS1) on input lin
e 66.
LaTeX Encoding Info:    Redeclaring text command \capitaltie (encoding TS1) on 
input line 67.
LaTeX Encoding Info:    Redeclaring text command \newtie (encoding TS1) on inpu
t line 68.
LaTeX Encoding Info:    Redeclaring text command \capitalnewtie (encoding TS1) 
on input line 69.
LaTeX Encoding Info:    Redeclaring text symbol \textcapitalcompwordmark (encod
ing TS1) on input line 70.
LaTeX Encoding Info:    Redeclaring text symbol \textascendercompwordmark (enco
ding TS1) on input line 71.
LaTeX Encoding Info:    Redeclaring text symbol \textquotestraightbase (encodin
g TS1) on input line 72.
LaTeX Encoding Info:    Redeclaring text symbol \textquotestraightdblbase (enco
ding TS1) on input line 73.
LaTeX Encoding Info:    Redeclaring text symbol \texttwelveudash (encoding TS1)
 on input line 74.
LaTeX Encoding Info:    Redeclaring text symbol \textthreequartersemdash (encod
ing TS1) on input line 75.
LaTeX Encoding Info:    Redeclaring text symbol \textleftarrow (encoding TS1) o
n input line 76.
LaTeX Encoding Info:    Redeclaring text symbol \textrightarrow (encoding TS1) 
on input line 77.
LaTeX Encoding Info:    Redeclaring text symbol \textblank (encoding TS1) on in
put line 78.
LaTeX Encoding Info:    Redeclaring text symbol \textdollar (encoding TS1) on i
nput line 79.
LaTeX Encoding Info:    Redeclaring text symbol \textquotesingle (encoding TS1)
 on input line 80.
LaTeX Encoding Info:    Redeclaring text command \textasteriskcentered (encodin
g TS1) on input line 81.
LaTeX Encoding Info:    Redeclaring text symbol \textdblhyphen (encoding TS1) o
n input line 92.
LaTeX Encoding Info:    Redeclaring text symbol \textfractionsolidus (encoding 
TS1) on input line 93.
LaTeX Encoding Info:    Redeclaring text symbol \textzerooldstyle (encoding TS1
) on input line 94.
LaTeX Encoding Info:    Redeclaring text symbol \textoneoldstyle (encoding TS1)
 on input line 95.
LaTeX Encoding Info:    Redeclaring text symbol \texttwooldstyle (encoding TS1)
 on input line 96.
LaTeX Encoding Info:    Redeclaring text symbol \textthreeoldstyle (encoding TS
1) on input line 97.
LaTeX Encoding Info:    Redeclaring text symbol \textfouroldstyle (encoding TS1
) on input line 98.
LaTeX Encoding Info:    Redeclaring text symbol \textfiveoldstyle (encoding TS1
) on input line 99.
LaTeX Encoding Info:    Redeclaring text symbol \textsixoldstyle (encoding TS1)
 on input line 100.
LaTeX Encoding Info:    Redeclaring text symbol \textsevenoldstyle (encoding TS
1) on input line 101.
LaTeX Encoding Info:    Redeclaring text symbol \texteightoldstyle (encoding TS
1) on input line 102.
LaTeX Encoding Info:    Redeclaring text symbol \textnineoldstyle (encoding TS1
) on input line 103.
LaTeX Encoding Info:    Redeclaring text symbol \textlangle (encoding TS1) on i
nput line 104.
LaTeX Encoding Info:    Redeclaring text symbol \textminus (encoding TS1) on in
put line 105.
LaTeX Encoding Info:    Redeclaring text symbol \textrangle (encoding TS1) on i
nput line 106.
LaTeX Encoding Info:    Redeclaring text symbol \textmho (encoding TS1) on inpu
t line 107.
LaTeX Encoding Info:    Redeclaring text symbol \textbigcircle (encoding TS1) o
n input line 108.
LaTeX Encoding Info:    Redeclaring text command \textcircled (encoding TS1) on
 input line 109.
LaTeX Encoding Info:    Redeclaring text symbol \textohm (encoding TS1) on inpu
t line 115.
LaTeX Encoding Info:    Redeclaring text symbol \textlbrackdbl (encoding TS1) o
n input line 116.
LaTeX Encoding Info:    Redeclaring text symbol \textrbrackdbl (encoding TS1) o
n input line 117.
LaTeX Encoding Info:    Redeclaring text symbol \textuparrow (encoding TS1) on 
input line 118.
LaTeX Encoding Info:    Redeclaring text symbol \textdownarrow (encoding TS1) o
n input line 119.
LaTeX Encoding Info:    Redeclaring text symbol \textasciigrave (encoding TS1) 
on input line 120.
LaTeX Encoding Info:    Redeclaring text symbol \textborn (encoding TS1) on inp
ut line 121.
LaTeX Encoding Info:    Redeclaring text symbol \textdivorced (encoding TS1) on
 input line 122.
LaTeX Encoding Info:    Redeclaring text symbol \textdied (encoding TS1) on inp
ut line 123.
LaTeX Encoding Info:    Redeclaring text symbol \textleaf (encoding TS1) on inp
ut line 124.
LaTeX Encoding Info:    Redeclaring text symbol \textmarried (encoding TS1) on 
input line 125.
LaTeX Encoding Info:    Redeclaring text symbol \textmusicalnote (encoding TS1)
 on input line 126.
LaTeX Encoding Info:    Redeclaring text symbol \texttildelow (encoding TS1) on
 input line 127.
LaTeX Encoding Info:    Redeclaring text symbol \textdblhyphenchar (encoding TS
1) on input line 128.
LaTeX Encoding Info:    Redeclaring text symbol \textasciibreve (encoding TS1) 
on input line 129.
LaTeX Encoding Info:    Redeclaring text symbol \textasciicaron (encoding TS1) 
on input line 130.
LaTeX Encoding Info:    Redeclaring text symbol \textacutedbl (encoding TS1) on
 input line 131.
LaTeX Encoding Info:    Redeclaring text symbol \textgravedbl (encoding TS1) on
 input line 132.
LaTeX Encoding Info:    Redeclaring text symbol \textdagger (encoding TS1) on i
nput line 133.
LaTeX Encoding Info:    Redeclaring text symbol \textdaggerdbl (encoding TS1) o
n input line 134.
LaTeX Encoding Info:    Redeclaring text symbol \textbardbl (encoding TS1) on i
nput line 135.
LaTeX Encoding Info:    Redeclaring text symbol \textperthousand (encoding TS1)
 on input line 136.
LaTeX Encoding Info:    Redeclaring text symbol \textbullet (encoding TS1) on i
nput line 137.
LaTeX Encoding Info:    Redeclaring text symbol \textcelsius (encoding TS1) on 
input line 138.
LaTeX Encoding Info:    Redeclaring text symbol \textdollaroldstyle (encoding T
S1) on input line 139.
LaTeX Encoding Info:    Redeclaring text symbol \textcentoldstyle (encoding TS1
) on input line 140.
LaTeX Encoding Info:    Redeclaring text symbol \textflorin (encoding TS1) on i
nput line 141.
LaTeX Encoding Info:    Redeclaring text symbol \textcolonmonetary (encoding TS
1) on input line 142.
LaTeX Encoding Info:    Redeclaring text symbol \textwon (encoding TS1) on inpu
t line 143.
LaTeX Encoding Info:    Redeclaring text symbol \textnaira (encoding TS1) on in
put line 144.
LaTeX Encoding Info:    Redeclaring text symbol \textguarani (encoding TS1) on 
input line 145.
LaTeX Encoding Info:    Redeclaring text symbol \textpeso (encoding TS1) on inp
ut line 146.
LaTeX Encoding Info:    Redeclaring text symbol \textlira (encoding TS1) on inp
ut line 147.
LaTeX Encoding Info:    Redeclaring text symbol \textrecipe (encoding TS1) on i
nput line 148.
LaTeX Encoding Info:    Redeclaring text symbol \textinterrobang (encoding TS1)
 on input line 149.
LaTeX Encoding Info:    Redeclaring text symbol \textinterrobangdown (encoding 
TS1) on input line 150.
LaTeX Encoding Info:    Redeclaring text symbol \textdong (encoding TS1) on inp
ut line 151.
LaTeX Encoding Info:    Redeclaring text symbol \texttrademark (encoding TS1) o
n input line 152.
LaTeX Encoding Info:    Redeclaring text symbol \textpertenthousand (encoding T
S1) on input line 153.
LaTeX Encoding Info:    Redeclaring text symbol \textpilcrow (encoding TS1) on 
input line 154.
LaTeX Encoding Info:    Redeclaring text symbol \textbaht (encoding TS1) on inp
ut line 155.
LaTeX Encoding Info:    Redeclaring text symbol \textnumero (encoding TS1) on i
nput line 156.
LaTeX Encoding Info:    Redeclaring text symbol \textdiscount (encoding TS1) on
 input line 157.
LaTeX Encoding Info:    Redeclaring text symbol \textestimated (encoding TS1) o
n input line 158.
LaTeX Encoding Info:    Redeclaring text symbol \textopenbullet (encoding TS1) 
on input line 159.
LaTeX Encoding Info:    Redeclaring text symbol \textservicemark (encoding TS1)
 on input line 160.
LaTeX Encoding Info:    Redeclaring text symbol \textlquill (encoding TS1) on i
nput line 161.
LaTeX Encoding Info:    Redeclaring text symbol \textrquill (encoding TS1) on i
nput line 162.
LaTeX Encoding Info:    Redeclaring text symbol \textcent (encoding TS1) on inp
ut line 163.
LaTeX Encoding Info:    Redeclaring text symbol \textsterling (encoding TS1) on
 input line 164.
LaTeX Encoding Info:    Redeclaring text symbol \textcurrency (encoding TS1) on
 input line 165.
LaTeX Encoding Info:    Redeclaring text symbol \textyen (encoding TS1) on inpu
t line 166.
LaTeX Encoding Info:    Redeclaring text symbol \textbrokenbar (encoding TS1) o
n input line 167.
LaTeX Encoding Info:    Redeclaring text symbol \textsection (encoding TS1) on 
input line 168.
LaTeX Encoding Info:    Redeclaring text symbol \textasciidieresis (encoding TS
1) on input line 169.
LaTeX Encoding Info:    Redeclaring text symbol \textcopyright (encoding TS1) o
n input line 170.
LaTeX Encoding Info:    Redeclaring text symbol \textordfeminine (encoding TS1)
 on input line 171.
LaTeX Encoding Info:    Redeclaring text symbol \textcopyleft (encoding TS1) on
 input line 172.
LaTeX Encoding Info:    Redeclaring text symbol \textlnot (encoding TS1) on inp
ut line 173.
LaTeX Encoding Info:    Redeclaring text symbol \textcircledP (encoding TS1) on
 input line 174.
LaTeX Encoding Info:    Redeclaring text symbol \textregistered (encoding TS1) 
on input line 175.
LaTeX Encoding Info:    Redeclaring text symbol \textasciimacron (encoding TS1)
 on input line 176.
LaTeX Encoding Info:    Redeclaring text symbol \textdegree (encoding TS1) on i
nput line 177.
LaTeX Encoding Info:    Redeclaring text symbol \textpm (encoding TS1) on input
 line 178.
LaTeX Encoding Info:    Redeclaring text symbol \texttwosuperior (encoding TS1)
 on input line 179.
LaTeX Encoding Info:    Redeclaring text symbol \textthreesuperior (encoding TS
1) on input line 180.
LaTeX Encoding Info:    Redeclaring text symbol \textasciiacute (encoding TS1) 
on input line 181.
LaTeX Encoding Info:    Redeclaring text symbol \textmu (encoding TS1) on input
 line 182.
LaTeX Encoding Info:    Redeclaring text symbol \textparagraph (encoding TS1) o
n input line 183.
LaTeX Encoding Info:    Redeclaring text symbol \textperiodcentered (encoding T
S1) on input line 184.
LaTeX Encoding Info:    Redeclaring text symbol \textreferencemark (encoding TS
1) on input line 185.
LaTeX Encoding Info:    Redeclaring text symbol \textonesuperior (encoding TS1)
 on input line 186.
LaTeX Encoding Info:    Redeclaring text symbol \textordmasculine (encoding TS1
) on input line 187.
LaTeX Encoding Info:    Redeclaring text symbol \textsurd (encoding TS1) on inp
ut line 188.
LaTeX Encoding Info:    Redeclaring text symbol \textonequarter (encoding TS1) 
on input line 189.
LaTeX Encoding Info:    Redeclaring text symbol \textonehalf (encoding TS1) on 
input line 190.
LaTeX Encoding Info:    Redeclaring text symbol \textthreequarters (encoding TS
1) on input line 191.
LaTeX Encoding Info:    Redeclaring text symbol \texteuro (encoding TS1) on inp
ut line 192.
LaTeX Encoding Info:    Redeclaring text symbol \texttimes (encoding TS1) on in
put line 193.
LaTeX Encoding Info:    Redeclaring text symbol \textdiv (encoding TS1) on inpu
t line 194.
))
\l__ctex_tmp_int=\count274
\l__ctex_tmp_box=\box53
\l__ctex_tmp_dim=\dimen150
\g__ctex_section_depth_int=\count275
\g__ctex_font_size_int=\count276

(/usr/share/texlive/texmf-dist/tex/latex/ctex/config/ctexopts.cfg
File: ctexopts.cfg 2022/07/14 v2.5.10 Option configuration file (CTEX)
)
(/usr/share/texlive/texmf-dist/tex/latex/base/book.cls
Document Class: book 2025/01/22 v1.4n Standard LaTeX document class
(/usr/share/texlive/texmf-dist/tex/latex/base/bk12.clo
File: bk12.clo 2025/01/22 v1.4n Standard LaTeX file (size option)
)
\c@part=\count277
\c@chapter=\count278
\c@section=\count279
\c@subsection=\count280
\c@subsubsection=\count281
\c@paragraph=\count282
\c@subparagraph=\count283
\c@figure=\count284
\c@table=\count285
\abovecaptionskip=\skip49
\belowcaptionskip=\skip50
\bibindent=\dimen151
)
(/usr/share/texlive/texmf-dist/tex/latex/ctex/engine/ctex-engine-xetex.def
File: ctex-engine-xetex.def 2022/07/14 v2.5.10 XeLaTeX adapter (CTEX)

(/usr/share/texlive/texmf-dist/tex/xelatex/xecjk/xeCJK.sty
Package: xeCJK 2022/08/05 v3.9.1 Typesetting CJK scripts with XeLaTeX

(/usr/share/texlive/texmf-dist/tex/latex/l3packages/xtemplate/xtemplate.sty
Package: xtemplate 2025-10-09 L3 Experimental prototype document functions
)
\l__xeCJK_tmp_int=\count286
\l__xeCJK_tmp_box=\box54
\l__xeCJK_tmp_dim=\dimen152
\l__xeCJK_tmp_skip=\skip51
\g__xeCJK_space_factor_int=\count287
\l__xeCJK_begin_int=\count288
\l__xeCJK_end_int=\count289
\c__xeCJK_CJK_class_int=\XeTeXcharclass1
\c__xeCJK_FullLeft_class_int=\XeTeXcharclass2
\c__xeCJK_FullRight_class_int=\XeTeXcharclass3
\c__xeCJK_HalfLeft_class_int=\XeTeXcharclass4
\c__xeCJK_HalfRight_class_int=\XeTeXcharclass5
\c__xeCJK_NormalSpace_class_int=\XeTeXcharclass6
\c__xeCJK_CM_class_int=\XeTeXcharclass7
\c__xeCJK_HangulJamo_class_int=\XeTeXcharclass8
\l__xeCJK_last_skip=\skip52
\c__xeCJK_none_node=\count290
\g__xeCJK_node_int=\count291
\c__xeCJK_CJK_node_dim=\dimen153
\c__xeCJK_CJK-space_node_dim=\dimen154
\c__xeCJK_default_node_dim=\dimen155
\c__xeCJK_CJK-widow_node_dim=\dimen156
\c__xeCJK_normalspace_node_dim=\dimen157
\c__xeCJK_default-space_node_skip=\skip53
\l__xeCJK_ccglue_skip=\skip54
\l__xeCJK_ecglue_skip=\skip55
\l__xeCJK_punct_kern_skip=\skip56
\l__xeCJK_indent_box=\box55
\l__xeCJK_last_penalty_int=\count292
\l__xeCJK_last_bound_dim=\dimen158
\l__xeCJK_last_kern_dim=\dimen159
\l__xeCJK_widow_penalty_int=\count293

LaTeX template Info: Declaring template type 'xeCJK/punctuation' taking 0
(template)           argument(s) on line 2396.

\l__xeCJK_fixed_punct_width_dim=\dimen160
\l__xeCJK_mixed_punct_width_dim=\dimen161
\l__xeCJK_middle_punct_width_dim=\dimen162
\l__xeCJK_fixed_margin_width_dim=\dimen163
\l__xeCJK_mixed_margin_width_dim=\dimen164
\l__xeCJK_middle_margin_width_dim=\dimen165
\l__xeCJK_bound_punct_width_dim=\dimen166
\l__xeCJK_bound_margin_width_dim=\dimen167
\l__xeCJK_margin_minimum_dim=\dimen168
\l__xeCJK_kerning_total_width_dim=\dimen169
\l__xeCJK_same_align_margin_dim=\dimen170
\l__xeCJK_different_align_margin_dim=\dimen171
\l__xeCJK_kerning_margin_width_dim=\dimen172
\l__xeCJK_kerning_margin_minimum_dim=\dimen173
\l__xeCJK_bound_dim=\dimen174
\l__xeCJK_reverse_bound_dim=\dimen175
\l__xeCJK_margin_dim=\dimen176
\l__xeCJK_minimum_bound_dim=\dimen177
\l__xeCJK_kerning_margin_dim=\dimen178
\g__xeCJK_family_int=\count294
\l__xeCJK_fam_int=\count295
\g__xeCJK_fam_allocation_int=\count296
\l__xeCJK_verb_case_int=\count297
\l__xeCJK_verb_exspace_skip=\skip57

(/usr/share/texlive/texmf-dist/tex/latex/fontspec/fontspec.sty
(/usr/share/texlive/texmf-dist/tex/latex/l3packages/xparse/xparse.sty
Package: xparse 2025-10-09 L3 Experimental document command parser
)
Package: fontspec 2025/09/29 v2.9g Font selection for XeLaTeX and LuaLaTeX

(/usr/share/texlive/texmf-dist/tex/latex/fontspec/fontspec-xetex.sty
Package: fontspec-xetex 2025/09/29 v2.9g Font selection for XeLaTeX and LuaLaTe
X
\l__fontspec_script_int=\count298
\l__fontspec_language_int=\count299
\l__fontspec_strnum_int=\count300
\l__fontspec_tmp_int=\count301
\l__fontspec_tmpa_int=\count302
\l__fontspec_tmpb_int=\count303
\l__fontspec_tmpc_int=\count304
\l__fontspec_em_int=\count305
\l__fontspec_emdef_int=\count306
\l__fontspec_strong_int=\count307
\l__fontspec_strongdef_int=\count308
\l__fontspec_tmpa_dim=\dimen179
\l__fontspec_tmpb_dim=\dimen180
\l__fontspec_tmpc_dim=\dimen181

(/usr/share/texlive/texmf-dist/tex/latex/base/fontenc.sty
Package: fontenc 2025/07/18 v2.1d Standard LaTeX package
)
(/usr/share/texlive/texmf-dist/tex/latex/fontspec/fontspec.cfg)))
(/usr/share/texlive/texmf-dist/tex/xelatex/xecjk/xeCJK.cfg
File: xeCJK.cfg 2022/08/05 v3.9.1 Configuration file for xeCJK package
))
\ccwd=\dimen182
\l__ctex_ccglue_skip=\skip58
)
\l__ctex_ziju_dim=\dimen183

(/usr/share/texlive/texmf-dist/tex/latex/zhnumber/zhnumber.sty
Package: zhnumber 2022/07/14 v3.0 Typesetting numbers with Chinese glyphs
\l__zhnum_scale_int=\count309
\l__zhnum_tmp_int=\count310

(/usr/share/texlive/texmf-dist/tex/latex/zhnumber/zhnumber-utf8.cfg
File: zhnumber-utf8.cfg 2022/07/14 v3.0 Chinese numerals with UTF8 encoding
))
\l__ctex_heading_skip=\skip59

(/usr/share/texlive/texmf-dist/tex/latex/ctex/scheme/ctex-scheme-chinese-book.d
ef
File: ctex-scheme-chinese-book.def 2022/07/14 v2.5.10 Chinese scheme for book (
CTEX)
 (/usr/share/texlive/texmf-dist/tex/latex/ctex/config/ctex-name-utf8.cfg
File: ctex-name-utf8.cfg 2022/07/14 v2.5.10 Caption with encoding UTF-8 (CTEX)
))
(/usr/share/texlive/texmf-dist/tex/latex/ctex/fontset/ctex-fontset-fandol.def
File: ctex-fontset-fandol.def 2022/07/14 v2.5.10 Fandol fonts definition (CTEX)


Package fontspec Info: 
(fontspec)             Script 'CJK' not explicitly supported within font
(fontspec)             'FandolSong-Regular'. Check the typeset output, and if
(fontspec)             it is okay then ignore this warning. Otherwise a
(fontspec)             different font should be chosen.


Package fontspec Info: 
(fontspec)             Font family 'FandolSong-Regular(0)' created for font
(fontspec)             'FandolSong-Regular' with options
(fontspec)             [Script={CJK},Extension={.otf},BoldFont={FandolSong-Bold
},ItalicFont={FandolKai-Regular}].
(fontspec)              
(fontspec)              This font family consists of the following NFSS
(fontspec)             series/shapes:
(fontspec)              
(fontspec)             - 'normal' (m/n) with NFSS spec.:
(fontspec)             <->"[FandolSong-Regular.otf]/OT:script=hani;language=dfl
t;"
(fontspec)             - 'bold' (b/n) with NFSS spec.:
(fontspec)             <->"[FandolSong-Bold.otf]/OT:script=hani;language=dflt;"

(fontspec)             - 'italic' (m/it) with NFSS spec.:
(fontspec)             <->"[FandolKai-Regular.otf]/OT:script=hani;language=dflt
;"

)) (/usr/share/texlive/texmf-dist/tex/latex/ctex/config/ctex.cfg
File: ctex.cfg 2022/07/14 v2.5.10 Configuration file (CTEX)
)
(/usr/share/texlive/texmf-dist/tex/latex/tools/indentfirst.sty
Package: indentfirst 2023/07/02 v1.03 Indent first paragraph (DPC)
)
(/usr/share/texlive/texmf-dist/tex/latex/hyperref/hyperref.sty
Package: hyperref 2026-04-24 v7.01q Hypertext links for LaTeX

(/usr/share/texlive/texmf-dist/tex/generic/iftex/iftex.sty
Package: iftex 2024/12/12 v1.0g TeX engine tests
)
(/usr/share/texlive/texmf-dist/tex/latex/graphics/keyval.sty
Package: keyval 2022/05/29 v1.15 key=value parser (DPC)
\KV@toks@=\toks17
)
(/usr/share/texlive/texmf-dist/tex/latex/kvsetkeys/kvsetkeys.sty
Package: kvsetkeys 2022-10-05 v1.19 Key value parser (HO)
)
(/usr/share/texlive/texmf-dist/tex/generic/kvdefinekeys/kvdefinekeys.sty
Package: kvdefinekeys 2019-12-19 v1.6 Define keys (HO)
)
(/usr/share/texlive/texmf-dist/tex/generic/pdfescape/pdfescape.sty
Package: pdfescape 2019/12/09 v1.15 Implements pdfTeX's escape features (HO)

(/usr/share/texlive/texmf-dist/tex/generic/ltxcmds/ltxcmds.sty
Package: ltxcmds 2023-12-04 v1.26 LaTeX kernel commands for general use (HO)
)
(/usr/share/texlive/texmf-dist/tex/generic/pdftexcmds/pdftexcmds.sty
Package: pdftexcmds 2020-06-27 v0.33 Utility functions of pdfTeX for LuaTeX (HO
)

(/usr/share/texlive/texmf-dist/tex/generic/infwarerr/infwarerr.sty
Package: infwarerr 2019/12/03 v1.5 Providing info/warning/error messages (HO)
)
Package pdftexcmds Info: \pdf@primitive is available.
Package pdftexcmds Info: \pdf@ifprimitive is available.
Package pdftexcmds Info: \pdfdraftmode not found.
))
(/usr/share/texlive/texmf-dist/tex/latex/hycolor/hycolor.sty
Package: hycolor 2020-01-27 v1.10 Color options for hyperref/bookmark (HO)
)
(/usr/share/texlive/texmf-dist/tex/latex/hyperref/nameref.sty
Package: nameref 2026-01-29 v2.58 Cross-referencing by name of section

(/usr/share/texlive/texmf-dist/tex/latex/refcount/refcount.sty
Package: refcount 2019/12/15 v3.6 Data extraction from label references (HO)
)
(/usr/share/texlive/texmf-dist/tex/generic/gettitlestring/gettitlestring.sty
Package: gettitlestring 2019/12/15 v1.6 Cleanup title references (HO)

(/usr/share/texlive/texmf-dist/tex/latex/kvoptions/kvoptions.sty
Package: kvoptions 2022-06-15 v3.15 Key value format for package options (HO)
))
\c@section@level=\count311
)
(/usr/share/texlive/texmf-dist/tex/latex/etoolbox/etoolbox.sty
Package: etoolbox 2025/10/02 v2.5m e-TeX tools for LaTeX (JAW)
\etb@tempcnta=\count312
)
(/usr/share/texlive/texmf-dist/tex/generic/stringenc/stringenc.sty
Package: stringenc 2019/11/29 v1.12 Convert strings between diff. encodings (HO
)
)
\@linkdim=\dimen184
\Hy@linkcounter=\count313
\Hy@pagecounter=\count314

(/usr/share/texlive/texmf-dist/tex/latex/hyperref/pd1enc.def
File: pd1enc.def 2026-04-24 v7.01q Hyperref: PDFDocEncoding definition (HO)
)
(/usr/share/texlive/texmf-dist/tex/generic/intcalc/intcalc.sty
Package: intcalc 2019/12/15 v1.3 Expandable calculations with integers (HO)
)
\Hy@SavedSpaceFactor=\count315

(/usr/share/texlive/texmf-dist/tex/latex/hyperref/puenc.def
File: puenc.def 2026-04-24 v7.01q Hyperref: PDF Unicode definition (HO)
)
Package hyperref Info: Option `unicode' set `true' on input line 4070.
Package hyperref Info: Hyper figures OFF on input line 4199.
Package hyperref Info: Link nesting OFF on input line 4204.
Package hyperref Info: Hyper index ON on input line 4207.
Package hyperref Info: Plain pages OFF on input line 4214.
Package hyperref Info: Backreferencing OFF on input line 4219.
Package hyperref Info: Implicit mode ON; LaTeX internals redefined.
Package hyperref Info: Bookmarks ON on input line 4466.
\c@Hy@tempcnt=\count316

(/usr/share/texlive/texmf-dist/tex/latex/url/url.sty
\Urlmuskip=\muskip17
Package: url 2013/09/16  ver 3.4  Verb mode for urls, etc.
)
LaTeX Info: Redefining \url on input line 4805.
\XeTeXLinkMargin=\dimen185

(/usr/share/texlive/texmf-dist/tex/generic/bitset/bitset.sty
Package: bitset 2019/12/09 v1.3 Handle bit-vector datatype (HO)

(/usr/share/texlive/texmf-dist/tex/generic/bigintcalc/bigintcalc.sty
Package: bigintcalc 2019/12/15 v1.5 Expandable calculations on big integers (HO
)
))
\Fld@menulength=\count317
\Field@Width=\dimen186
\Fld@charsize=\dimen187
Package hyperref Info: Hyper figures OFF on input line 6091.
Package hyperref Info: Link nesting OFF on input line 6096.
Package hyperref Info: Hyper index ON on input line 6099.
Package hyperref Info: backreferencing OFF on input line 6106.
Package hyperref Info: Link coloring OFF on input line 6111.
Package hyperref Info: Link coloring with OCG OFF on input line 6116.
Package hyperref Info: PDF/A mode OFF on input line 6121.
\Hy@abspage=\count318
\c@Item=\count319
\c@Hfootnote=\count320
)
Package hyperref Info: Driver (autodetected): hxetex.

(/usr/share/texlive/texmf-dist/tex/latex/hyperref/hxetex.def
File: hxetex.def 2026-04-24 v7.01q Hyperref driver for XeTeX
\pdfm@box=\box56
\c@Hy@AnnotLevel=\count321
\HyField@AnnotCount=\count322
\Fld@listcount=\count323
\c@bookmark@seq@number=\count324

(/usr/share/texlive/texmf-dist/tex/latex/rerunfilecheck/rerunfilecheck.sty
Package: rerunfilecheck 2025-06-21 v1.11 Rerun checks for auxiliary files (HO)

(/usr/share/texlive/texmf-dist/tex/generic/uniquecounter/uniquecounter.sty
Package: uniquecounter 2019/12/15 v1.4 Provide unlimited unique counter (HO)
)
Package uniquecounter Info: New unique counter `rerunfilecheck' on input line 2
84.
)
\Hy@SectionHShift=\skip60
)
(/usr/share/texlive/texmf-dist/tex/latex/siunitx/siunitx.sty
Package: siunitx 2026-04-15 v3.5.4 A comprehensive (SI) units package
\l__siunitx_number_uncert_offset_int=\count325
\l__siunitx_number_exponent_fixed_int=\count326
\l__siunitx_number_min_decimal_int=\count327
\l__siunitx_number_min_integer_int=\count328
\l__siunitx_number_round_precision_int=\count329
\l__siunitx_number_lower_threshold_int=\count330
\l__siunitx_number_upper_threshold_int=\count331
\l__siunitx_number_group_first_int=\count332
\l__siunitx_number_group_size_int=\count333
\l__siunitx_number_group_min_int=\count334
\l__siunitx_number_group_minimum_int=\count335
\l__siunitx_compound_count_int=\count336

(/usr/share/texlive/texmf-dist/tex/latex/translations/translations.sty
Package: translations 2022/02/05 v1.12 internationalization of LaTeX2e packages
 (CN)
)
(/usr/share/texlive/texmf-dist/tex/latex/amsmath/amstext.sty
Package: amstext 2024/11/17 v2.01 AMS text

(/usr/share/texlive/texmf-dist/tex/latex/amsmath/amsgen.sty
File: amsgen.sty 1999/11/30 v2.0 generic functions
\@emptytoks=\toks18
\ex@=\dimen188
))
\l__siunitx_table_tmp_box=\box57
\l__siunitx_table_tmp_dim=\dimen189
\l__siunitx_table_column_width_dim=\dimen190
\l__siunitx_table_integer_box=\box58
\l__siunitx_table_decimal_box=\box59
\l__siunitx_table_uncert_box=\box60
\l__siunitx_table_before_box=\box61
\l__siunitx_table_after_box=\box62
\l__siunitx_table_before_dim=\dimen191
\l__siunitx_table_carry_dim=\dimen192
\l__siunitx_unit_tmp_int=\count337
\l__siunitx_unit_position_int=\count338
\l__siunitx_unit_total_int=\count339
\l__siunitx_sexagesimal_tmp_dim=\dimen193
\l__siunitx_sexagesimal_marker_box=\box63
\l__siunitx_sexagesimal_unit_box=\box64

(/usr/share/texlive/texmf-dist/tex/latex/tools/array.sty

LaTeX Warning: You have requested release `2026/06/01' of LaTeX,
               but only release `2025-11-01' is available.

Package: array 2026/01/25 v2.7a Tabular extension package (FMi)
\col@sep=\dimen194
\ar@mcellbox=\box65
\extrarowheight=\dimen195
\NC@list=\toks19
\extratabsurround=\skip61
\backup@length=\skip62
\ar@cellbox=\box66
)) (/usr/share/texlive/texmf-dist/tex/latex/amsfonts/amssymb.sty
Package: amssymb 2013/01/14 v3.01 AMS font symbols

(/usr/share/texlive/texmf-dist/tex/latex/amsfonts/amsfonts.sty
Package: amsfonts 2013/01/14 v3.01 Basic AMSFonts support
\symAMSa=\mathgroup4
\symAMSb=\mathgroup5
LaTeX Font Info:    Redeclaring math symbol \hbar on input line 98.
LaTeX Font Info:    Overwriting math alphabet `\mathfrak' in version `bold'
(Font)                  U/euf/m/n --> U/euf/b/n on input line 106.
))

Package ctexhook Warning: Package `CJK' can not be loaded with `xeCJK'.

LaTeX Info: Package 'CJK.sty' has been disabled.
            Load request ignored on input line 5.
(/usr/share/texlive/texmf-dist/tex/generic/ulem/ulem.sty
\UL@box=\box67
\UL@hyphenbox=\box68
\UL@skip=\skip63
\UL@hook=\toks20
\UL@height=\dimen196
\UL@pe=\count340
\UL@pixel=\dimen197
\ULC@box=\box69
Package: ulem 2019/11/18
\ULdepth=\dimen198
)
(/usr/share/texlive/texmf-dist/tex/latex/wrapfig/wrapfig.sty
\wrapoverhang=\dimen199
\WF@size=\dimen256
\c@WF@wrappedlines=\count341
\WF@box=\box70
\WF@everypar=\toks21
Package: wrapfig 2003/01/31  v 3.6
)
(/usr/share/texlive/texmf-dist/tex/latex/graphics/graphicx.sty
Package: graphicx 2024/12/31 v1.2e Enhanced LaTeX Graphics (DPC,SPQR)

(/usr/share/texlive/texmf-dist/tex/latex/graphics/graphics.sty
Package: graphics 2024/08/06 v1.4g Standard LaTeX Graphics (DPC,SPQR)

(/usr/share/texlive/texmf-dist/tex/latex/graphics/trig.sty
Package: trig 2023/12/02 v1.11 sin cos tan (DPC)
)
(/usr/share/texlive/texmf-dist/tex/latex/graphics-cfg/graphics.cfg
File: graphics.cfg 2016/06/04 v1.11 sample graphics configuration
)
Package graphics Info: Driver file: xetex.def on input line 106.

(/usr/share/texlive/texmf-dist/tex/latex/graphics-def/xetex.def
File: xetex.def 2025/11/01 v5.0p Graphics/color driver for xetex
))
\Gin@req@height=\dimen257
\Gin@req@width=\dimen258
)
(/usr/share/texlive/texmf-dist/tex/generic/chemfig/chemfig.sty
(/usr/share/texlive/texmf-dist/tex/latex/pgf/frontendlayer/tikz.sty
(/usr/share/texlive/texmf-dist/tex/latex/pgf/basiclayer/pgf.sty
(/usr/share/texlive/texmf-dist/tex/latex/pgf/utilities/pgfrcs.sty
(/usr/share/texlive/texmf-dist/tex/generic/pgf/utilities/pgfutil-common.tex
\pgfutil@everybye=\toks22
\pgfutil@tempdima=\dimen259
\pgfutil@tempdimb=\dimen260
)
(/usr/share/texlive/texmf-dist/tex/generic/pgf/utilities/pgfutil-latex.def
\pgfutil@abb=\box71
)
(/usr/share/texlive/texmf-dist/tex/generic/pgf/utilities/pgfrcs.code.tex
(/usr/share/texlive/texmf-dist/tex/generic/pgf/pgf.revision.tex)
Package: pgfrcs 2025-08-29 v3.1.11a (3.1.11a)
))
Package: pgf 2025-08-29 v3.1.11a (3.1.11a)

(/usr/share/texlive/texmf-dist/tex/latex/pgf/basiclayer/pgfcore.sty
(/usr/share/texlive/texmf-dist/tex/latex/pgf/systemlayer/pgfsys.sty
(/usr/share/texlive/texmf-dist/tex/generic/pgf/systemlayer/pgfsys.code.tex
Package: pgfsys 2025-08-29 v3.1.11a (3.1.11a)

(/usr/share/texlive/texmf-dist/tex/generic/pgf/utilities/pgfkeys.code.tex
\pgfkeys@pathtoks=\toks23
\pgfkeys@temptoks=\toks24

(/usr/share/texlive/texmf-dist/tex/generic/pgf/utilities/pgfkeyslibraryfiltered
.code.tex
\pgfkeys@tmptoks=\toks25
))
\pgf@x=\dimen261
\pgf@y=\dimen262
\pgf@xa=\dimen263
\pgf@ya=\dimen264
\pgf@xb=\dimen265
\pgf@yb=\dimen266
\pgf@xc=\dimen267
\pgf@yc=\dimen268
\pgf@xd=\dimen269
\pgf@yd=\dimen270
\w@pgf@writea=\write3
\r@pgf@reada=\read2
\c@pgf@counta=\count342
\c@pgf@countb=\count343
\c@pgf@countc=\count344
\c@pgf@countd=\count345
\t@pgf@toka=\toks26
\t@pgf@tokb=\toks27
\t@pgf@tokc=\toks28
\pgf@sys@id@count=\count346
 (/usr/share/texlive/texmf-dist/tex/generic/pgf/systemlayer/pgf.cfg
File: pgf.cfg 2025-08-29 v3.1.11a (3.1.11a)
)
Driver file for pgf: pgfsys-xetex.def
(/usr/share/texlive/texmf-dist/tex/generic/pgf/systemlayer/pgfsys-xetex.def
File: pgfsys-xetex.def 2025-08-29 v3.1.11a (3.1.11a)

(/usr/share/texlive/texmf-dist/tex/generic/pgf/systemlayer/pgfsys-dvipdfmx.def
File: pgfsys-dvipdfmx.def 2025-08-29 v3.1.11a (3.1.11a)

(/usr/share/texlive/texmf-dist/tex/generic/pgf/systemlayer/pgfsys-common-pdf.de
f
File: pgfsys-common-pdf.def 2025-08-29 v3.1.11a (3.1.11a)
)
\pgfsys@objnum=\count347
)))
(/usr/share/texlive/texmf-dist/tex/generic/pgf/systemlayer/pgfsyssoftpath.code.
tex
File: pgfsyssoftpath.code.tex 2025-08-29 v3.1.11a (3.1.11a)
\pgfsyssoftpath@smallbuffer@items=\count348
\pgfsyssoftpath@bigbuffer@items=\count349
)
(/usr/share/texlive/texmf-dist/tex/generic/pgf/systemlayer/pgfsysprotocol.code.
tex
File: pgfsysprotocol.code.tex 2025-08-29 v3.1.11a (3.1.11a)
)) (/usr/share/texlive/texmf-dist/tex/latex/xcolor/xcolor.sty
Package: xcolor 2024/09/29 v3.02 LaTeX color extensions (UK)

(/usr/share/texlive/texmf-dist/tex/latex/graphics-cfg/color.cfg
File: color.cfg 2016/01/02 v1.6 sample color configuration
)
Package xcolor Info: Driver file: xetex.def on input line 274.

(/usr/share/texlive/texmf-dist/tex/latex/graphics/mathcolor.ltx)
Package xcolor Info: Model `cmy' substituted by `cmy0' on input line 1349.
Package xcolor Info: Model `RGB' extended on input line 1365.
Package xcolor Info: Model `HTML' substituted by `rgb' on input line 1367.
Package xcolor Info: Model `Hsb' substituted by `hsb' on input line 1368.
Package xcolor Info: Model `tHsb' substituted by `hsb' on input line 1369.
Package xcolor Info: Model `HSB' substituted by `hsb' on input line 1370.
Package xcolor Info: Model `Gray' substituted by `gray' on input line 1371.
Package xcolor Info: Model `wave' substituted by `hsb' on input line 1372.
)
(/usr/share/texlive/texmf-dist/tex/generic/pgf/basiclayer/pgfcore.code.tex
Package: pgfcore 2025-08-29 v3.1.11a (3.1.11a)

(/usr/share/texlive/texmf-dist/tex/generic/pgf/math/pgfmath.code.tex
(/usr/share/texlive/texmf-dist/tex/generic/pgf/math/pgfmathutil.code.tex)
(/usr/share/texlive/texmf-dist/tex/generic/pgf/math/pgfmathparser.code.tex
\pgfmath@dimen=\dimen271
\pgfmath@count=\count350
\pgfmath@box=\box72
\pgfmath@toks=\toks29
\pgfmath@stack@operand=\toks30
\pgfmath@stack@operation=\toks31
)
(/usr/share/texlive/texmf-dist/tex/generic/pgf/math/pgfmathfunctions.code.tex)
(/usr/share/texlive/texmf-dist/tex/generic/pgf/math/pgfmathfunctions.basic.code
.tex)
(/usr/share/texlive/texmf-dist/tex/generic/pgf/math/pgfmathfunctions.trigonomet
ric.code.tex)
(/usr/share/texlive/texmf-dist/tex/generic/pgf/math/pgfmathfunctions.random.cod
e.tex)
(/usr/share/texlive/texmf-dist/tex/generic/pgf/math/pgfmathfunctions.comparison
.code.tex)
(/usr/share/texlive/texmf-dist/tex/generic/pgf/math/pgfmathfunctions.base.code.
tex)
(/usr/share/texlive/texmf-dist/tex/generic/pgf/math/pgfmathfunctions.round.code
.tex)
(/usr/share/texlive/texmf-dist/tex/generic/pgf/math/pgfmathfunctions.misc.code.
tex)
(/usr/share/texlive/texmf-dist/tex/generic/pgf/math/pgfmathfunctions.integerari
thmetics.code.tex)
(/usr/share/texlive/texmf-dist/tex/generic/pgf/math/pgfmathcalc.code.tex)
(/usr/share/texlive/texmf-dist/tex/generic/pgf/math/pgfmathfloat.code.tex
\c@pgfmathroundto@lastzeros=\count351
))
(/usr/share/texlive/texmf-dist/tex/generic/pgf/math/pgfint.code.tex)
(/usr/share/texlive/texmf-dist/tex/generic/pgf/basiclayer/pgfcorepoints.code.te
x
File: pgfcorepoints.code.tex 2025-08-29 v3.1.11a (3.1.11a)
\pgf@picminx=\dimen272
\pgf@picmaxx=\dimen273
\pgf@picminy=\dimen274
\pgf@picmaxy=\dimen275
\pgf@pathminx=\dimen276
\pgf@pathmaxx=\dimen277
\pgf@pathminy=\dimen278
\pgf@pathmaxy=\dimen279
\pgf@xx=\dimen280
\pgf@xy=\dimen281
\pgf@yx=\dimen282
\pgf@yy=\dimen283
\pgf@zx=\dimen284
\pgf@zy=\dimen285
)
(/usr/share/texlive/texmf-dist/tex/generic/pgf/basiclayer/pgfcorepathconstruct.
code.tex
File: pgfcorepathconstruct.code.tex 2025-08-29 v3.1.11a (3.1.11a)
\pgf@path@lastx=\dimen286
\pgf@path@lasty=\dimen287
)
(/usr/share/texlive/texmf-dist/tex/generic/pgf/basiclayer/pgfcorepathusage.code
.tex
File: pgfcorepathusage.code.tex 2025-08-29 v3.1.11a (3.1.11a)
\pgf@shorten@end@additional=\dimen288
\pgf@shorten@start@additional=\dimen289
)
(/usr/share/texlive/texmf-dist/tex/generic/pgf/basiclayer/pgfcorescopes.code.te
x
File: pgfcorescopes.code.tex 2025-08-29 v3.1.11a (3.1.11a)
\pgfpic=\box73
\pgf@hbox=\box74
\pgf@layerbox@main=\box75
\pgf@picture@serial@count=\count352
)
(/usr/share/texlive/texmf-dist/tex/generic/pgf/basiclayer/pgfcoregraphicstate.c
ode.tex
File: pgfcoregraphicstate.code.tex 2025-08-29 v3.1.11a (3.1.11a)
\pgflinewidth=\dimen290
)
(/usr/share/texlive/texmf-dist/tex/generic/pgf/basiclayer/pgfcoretransformation
s.code.tex
File: pgfcoretransformations.code.tex 2025-08-29 v3.1.11a (3.1.11a)
\pgf@pt@x=\dimen291
\pgf@pt@y=\dimen292
\pgf@pt@temp=\dimen293
)
(/usr/share/texlive/texmf-dist/tex/generic/pgf/basiclayer/pgfcorequick.code.tex
File: pgfcorequick.code.tex 2025-08-29 v3.1.11a (3.1.11a)
)
(/usr/share/texlive/texmf-dist/tex/generic/pgf/basiclayer/pgfcoreobjects.code.t
ex
File: pgfcoreobjects.code.tex 2025-08-29 v3.1.11a (3.1.11a)
)
(/usr/share/texlive/texmf-dist/tex/generic/pgf/basiclayer/pgfcorepathprocessing
.code.tex
File: pgfcorepathprocessing.code.tex 2025-08-29 v3.1.11a (3.1.11a)
)
(/usr/share/texlive/texmf-dist/tex/generic/pgf/basiclayer/pgfcorearrows.code.te
x
File: pgfcorearrows.code.tex 2025-08-29 v3.1.11a (3.1.11a)
\pgfarrowsep=\dimen294
)
(/usr/share/texlive/texmf-dist/tex/generic/pgf/basiclayer/pgfcoreshade.code.tex
File: pgfcoreshade.code.tex 2025-08-29 v3.1.11a (3.1.11a)
\pgf@max=\dimen295
\pgf@sys@shading@range@num=\count353
\pgf@shadingcount=\count354
)
(/usr/share/texlive/texmf-dist/tex/generic/pgf/basiclayer/pgfcoreimage.code.tex
File: pgfcoreimage.code.tex 2025-08-29 v3.1.11a (3.1.11a)
)
(/usr/share/texlive/texmf-dist/tex/generic/pgf/basiclayer/pgfcoreexternal.code.
tex
File: pgfcoreexternal.code.tex 2025-08-29 v3.1.11a (3.1.11a)
\pgfexternal@startupbox=\box76
)
(/usr/share/texlive/texmf-dist/tex/generic/pgf/basiclayer/pgfcorelayers.code.te
x
File: pgfcorelayers.code.tex 2025-08-29 v3.1.11a (3.1.11a)
)
(/usr/share/texlive/texmf-dist/tex/generic/pgf/basiclayer/pgfcoretransparency.c
ode.tex
File: pgfcoretransparency.code.tex 2025-08-29 v3.1.11a (3.1.11a)
)
(/usr/share/texlive/texmf-dist/tex/generic/pgf/basiclayer/pgfcorepatterns.code.
tex
File: pgfcorepatterns.code.tex 2025-08-29 v3.1.11a (3.1.11a)
)
(/usr/share/texlive/texmf-dist/tex/generic/pgf/basiclayer/pgfcorerdf.code.tex
File: pgfcorerdf.code.tex 2025-08-29 v3.1.11a (3.1.11a)
)))
(/usr/share/texlive/texmf-dist/tex/generic/pgf/modules/pgfmoduleshapes.code.tex
File: pgfmoduleshapes.code.tex 2025-08-29 v3.1.11a (3.1.11a)
\pgfnodeparttextbox=\box77
) (/usr/share/texlive/texmf-dist/tex/generic/pgf/modules/pgfmoduleplot.code.tex
File: pgfmoduleplot.code.tex 2025-08-29 v3.1.11a (3.1.11a)
)
(/usr/share/texlive/texmf-dist/tex/latex/pgf/compatibility/pgfcomp-version-0-65
.sty
Package: pgfcomp-version-0-65 2025-08-29 v3.1.11a (3.1.11a)
\pgf@nodesepstart=\dimen296
\pgf@nodesepend=\dimen297
)
(/usr/share/texlive/texmf-dist/tex/latex/pgf/compatibility/pgfcomp-version-1-18
.sty
Package: pgfcomp-version-1-18 2025-08-29 v3.1.11a (3.1.11a)
)) (/usr/share/texlive/texmf-dist/tex/latex/pgf/utilities/pgffor.sty
(/usr/share/texlive/texmf-dist/tex/latex/pgf/utilities/pgfkeys.sty
(/usr/share/texlive/texmf-dist/tex/generic/pgf/utilities/pgfkeys.code.tex))
(/usr/share/texlive/texmf-dist/tex/latex/pgf/math/pgfmath.sty
(/usr/share/texlive/texmf-dist/tex/generic/pgf/math/pgfmath.code.tex))
(/usr/share/texlive/texmf-dist/tex/generic/pgf/utilities/pgffor.code.tex
Package: pgffor 2025-08-29 v3.1.11a (3.1.11a)
\pgffor@iter=\dimen298
\pgffor@skip=\dimen299
\pgffor@stack=\toks32
\pgffor@toks=\toks33
))
(/usr/share/texlive/texmf-dist/tex/generic/pgf/frontendlayer/tikz/tikz.code.tex
Package: tikz 2025-08-29 v3.1.11a (3.1.11a)

(/usr/share/texlive/texmf-dist/tex/generic/pgf/libraries/pgflibraryplothandlers
.code.tex
File: pgflibraryplothandlers.code.tex 2025-08-29 v3.1.11a (3.1.11a)
\pgf@plot@mark@count=\count355
\pgfplotmarksize=\dimen300
)
\tikz@lastx=\dimen301
\tikz@lasty=\dimen302
\tikz@lastxsaved=\dimen303
\tikz@lastysaved=\dimen304
\tikz@lastmovetox=\dimen305
\tikz@lastmovetoy=\dimen306
\tikzleveldistance=\dimen307
\tikzsiblingdistance=\dimen308
\tikz@figbox=\box78
\tikz@figbox@bg=\box79
\tikz@tempbox=\box80
\tikz@tempbox@bg=\box81
\tikztreelevel=\count356
\tikznumberofchildren=\count357
\tikznumberofcurrentchild=\count358
\tikz@fig@count=\count359

(/usr/share/texlive/texmf-dist/tex/generic/pgf/modules/pgfmodulematrix.code.tex
File: pgfmodulematrix.code.tex 2025-08-29 v3.1.11a (3.1.11a)
\pgfmatrixcurrentrow=\count360
\pgfmatrixcurrentcolumn=\count361
\pgf@matrix@numberofcolumns=\count362
)
\tikz@expandcount=\count363

(/usr/share/texlive/texmf-dist/tex/generic/pgf/frontendlayer/tikz/libraries/tik
zlibrarytopaths.code.tex
File: tikzlibrarytopaths.code.tex 2025-08-29 v3.1.11a (3.1.11a)
)))
(/usr/share/texlive/texmf-dist/tex/generic/chemfig/chemfig.tex
(/usr/share/texlive/texmf-dist/tex/generic/simplekv/simplekv.tex
Package: simplekv 2025/06/15 v0.32 Simple keyval package (CT)
)
(/usr/share/texlive/texmf-dist/tex/generic/pgf/libraries/pgflibraryarrows.meta.
code.tex
File: pgflibraryarrows.meta.code.tex 2025-08-29 v3.1.11a (3.1.11a)
\pgfarrowinset=\dimen309
\pgfarrowlength=\dimen310
\pgfarrowwidth=\dimen311
\pgfarrowlinewidth=\dimen312
)
\CF_cnt_atomgroup=\count364
\CF_cnt_group=\count365
\CF_cnt_atom=\count366
\CF_cnt_cycle=\count367
\CF_cnt_cyclebonds=\count368
\CF_cnt_compound=\count369
\CF_dim=\dimen313
\CF_turnangle=\dimen314
\CF_arrowsize=\dimen315
\CF_zero=\dimen316
\CF_box=\box82
\CF_boxstuff=\box83
\CF_testbox=\box84
\CF_chargebox=\box85
\CF_substtoks=\toks34
\CF_harrow_boxup=\box86
\CF_harrow_boxdown=\box87
\CF_hreact_cnt=\count370
)
Package: chemfig 2025/10/30 v1.71 Draw molecule with an easy syntax (CT)
) (/usr/share/texlive/texmf-dist/tex/latex/booktabs/booktabs.sty
Package: booktabs 2020/01/12 v1.61803398 Publication quality tables
\heavyrulewidth=\dimen317
\lightrulewidth=\dimen318
\cmidrulewidth=\dimen319
\belowrulesep=\dimen320
\belowbottomsep=\dimen321
\aboverulesep=\dimen322
\abovetopsep=\dimen323
\cmidrulesep=\dimen324
\cmidrulekern=\dimen325
\defaultaddspace=\dimen326
\@cmidla=\count371
\@cmidlb=\count372
\@aboverulesep=\dimen327
\@belowrulesep=\dimen328
\@thisruleclass=\count373
\@lastruleclass=\count374
\@thisrulewidth=\dimen329
)
(/usr/share/texlive/texmf-dist/tex/latex/float/float.sty
Package: float 2001/11/08 v1.3d Float enhancements (AL)
\c@float@type=\count375
\float@exts=\toks35
\float@box=\box88
\@float@everytoks=\toks36
\@floatcapt=\box89
)
(/usr/share/texlive/texmf-dist/tex/latex/amsmath/amsmath.sty
Package: amsmath 2025/07/09 v2.17z AMS math features
\@mathmargin=\skip64

For additional information on amsmath, use the `?' option.
(/usr/share/texlive/texmf-dist/tex/latex/amsmath/amsbsy.sty
Package: amsbsy 1999/11/29 v1.2d Bold Symbols
\pmbraise@=\dimen330
)
(/usr/share/texlive/texmf-dist/tex/latex/amsmath/amsopn.sty
Package: amsopn 2022/04/08 v2.04 operator names
)
\inf@bad=\count376
LaTeX Info: Redefining \frac on input line 233.
\uproot@=\count377
\leftroot@=\count378
LaTeX Info: Redefining \overline on input line 398.
LaTeX Info: Redefining \colon on input line 409.
\classnum@=\count379
\DOTSCASE@=\count380
LaTeX Info: Redefining \ldots on input line 495.
LaTeX Info: Redefining \dots on input line 498.
LaTeX Info: Redefining \cdots on input line 619.
\Mathstrutbox@=\box90
\strutbox@=\box91
LaTeX Info: Redefining \big on input line 721.
LaTeX Info: Redefining \Big on input line 722.
LaTeX Info: Redefining \bigg on input line 723.
LaTeX Info: Redefining \Bigg on input line 724.
\big@size=\dimen331
LaTeX Font Info:    Redeclaring font encoding OML on input line 742.
LaTeX Font Info:    Redeclaring font encoding OMS on input line 743.
\macc@depth=\count381
LaTeX Info: Redefining \bmod on input line 904.
LaTeX Info: Redefining \pmod on input line 909.
LaTeX Info: Redefining \smash on input line 939.
LaTeX Info: Redefining \relbar on input line 969.
LaTeX Info: Redefining \Relbar on input line 970.
\c@MaxMatrixCols=\count382
\dotsspace@=\muskip18
\c@parentequation=\count383
\dspbrk@lvl=\count384
\tag@help=\toks37
\row@=\count385
\column@=\count386
\maxfields@=\count387
\andhelp@=\toks38
\eqnshift@=\dimen332
\alignsep@=\dimen333
\tagshift@=\dimen334
\tagwidth@=\dimen335
\totwidth@=\dimen336
\lineht@=\dimen337
\@envbody=\toks39
\multlinegap=\skip65
\multlinetaggap=\skip66
\mathdisplay@stack=\toks40
LaTeX Info: Redefining \[ on input line 2950.
LaTeX Info: Redefining \] on input line 2951.
)
(/usr/share/texlive/texmf-dist/tex/latex/mathtools/mathtools.sty
Package: mathtools 2024/10/04 v1.31 mathematical typesetting tools

(/usr/share/texlive/texmf-dist/tex/latex/tools/calc.sty
Package: calc 2025/03/01 v4.3b Infix arithmetic (KKT,FJ)
\calc@Acount=\count388
\calc@Bcount=\count389
\calc@Adimen=\dimen338
\calc@Bdimen=\dimen339
\calc@Askip=\skip67
\calc@Bskip=\skip68
LaTeX Info: Redefining \setlength on input line 86.
LaTeX Info: Redefining \addtolength on input line 87.
\calc@Ccount=\count390
\calc@Cskip=\skip69
)
(/usr/share/texlive/texmf-dist/tex/latex/mathtools/mhsetup.sty
Package: mhsetup 2021/03/18 v1.4 programming setup (MH)
)
\g_MT_multlinerow_int=\count391
\l_MT_multwidth_dim=\dimen340
\origjot=\skip70
\l_MT_shortvdotswithinadjustabove_dim=\dimen341
\l_MT_shortvdotswithinadjustbelow_dim=\dimen342
\l_MT_above_intertext_sep=\dimen343
\l_MT_below_intertext_sep=\dimen344
\l_MT_above_shortintertext_sep=\dimen345
\l_MT_below_shortintertext_sep=\dimen346
\xmathstrut@box=\box92
\xmathstrut@dim=\dimen347
)
(/usr/share/texlive/texmf-dist/tex/latex/shorttoc/shorttoc.sty
Package: shorttoc 2002/08/20 v1.3 Short table of contents (JPFD)
)
(/usr/share/texlive/texmf-dist/tex/latex/tools/longtable.sty
Package: longtable 2026-01-28 v4.27 Multi-page Table package (DPC)
\LTleft=\skip71
\LTright=\skip72
\LTpre=\skip73
\LTpost=\skip74
\LTchunksize=\count392
\LTcapwidth=\dimen348
\LT@head=\box93
\LT@firsthead=\box94
\LT@foot=\box95
\LT@lastfoot=\box96
\LT@gbox=\box97
\LT@cols=\count393
\LT@rows=\count394
\c@LT@tables=\count395
\c@LT@chunks=\count396
\LT@p@ftn=\toks41
)
(/usr/share/texlive/texmf-dist/tex/latex/tools/multicol.sty
Package: multicol 2025/10/21 v2.0b multicolumn formatting (FMi)
\c@tracingmulticols=\count397
\mult@box=\box98
\multicol@leftmargin=\dimen349
\c@unbalance=\count398
\c@collectmore=\count399
\doublecol@number=\count400
\multicoltolerance=\count401
\multicolpretolerance=\count402
\full@width=\dimen350
\page@free=\dimen351
\premulticols=\dimen352
\postmulticols=\dimen353
\multicolsep=\skip75
\multicolbaselineskip=\skip76
\partial@page=\box99
\last@line=\box100
\mc@boxedresult=\box101
\maxbalancingoverflow=\dimen354
\mult@rightbox=\box102
\mult@grightbox=\box103
\mult@firstbox=\box104
\mult@gfirstbox=\box105
\@tempa=\box106
\@tempa=\box107
\@tempa=\box108
\@tempa=\box109
\@tempa=\box110
\@tempa=\box111
\@tempa=\box112
\@tempa=\box113
\@tempa=\box114
\@tempa=\box115
\@tempa=\box116
\@tempa=\box117
\@tempa=\box118
\@tempa=\box119
\@tempa=\box120
\@tempa=\box121
\@tempa=\box122
\@tempa=\box123
\@tempa=\box124
\@tempa=\box125
\@tempa=\box126
\@tempa=\box127
\@tempa=\box128
\@tempa=\box129
\@tempa=\box130
\@tempa=\box131
\@tempa=\box132
\@tempa=\box133
\@tempa=\box134
\@tempa=\box135
\@tempa=\box136
\@tempa=\box137
\@tempa=\box138
\@tempa=\box139
\@tempa=\box140
\@tempa=\box141
\c@minrows=\count403
\c@columnbadness=\count404
\c@finalcolumnbadness=\count405
\last@try=\dimen355
\multicolovershoot=\dimen356
\multicolundershoot=\dimen357
\mult@nat@firstbox=\box142
\colbreak@box=\box143
\mc@col@check@num=\count406
\g__mc_curr_col_int=\count407
)
(/usr/share/texlive/texmf-dist/tex/latex/pdfpages/pdfpages.sty
Package: pdfpages 2026/03/30 v0.6h Insert pages of external PDF documents (AM)

(/usr/share/texlive/texmf-dist/tex/latex/base/ifthen.sty
Package: ifthen 2024/03/16 v1.1e Standard LaTeX ifthen package (DPC)
)
(/usr/share/texlive/texmf-dist/tex/latex/eso-pic/eso-pic.sty
Package: eso-pic 2025/12/10 v3.0d eso-pic (RN)
\ESO@tempdima=\dimen358
\ESO@tempdimb=\dimen359
)
\AM@pagewidth=\dimen360
\AM@pageheight=\dimen361
\AM@fboxrule=\dimen362

(/usr/share/texlive/texmf-dist/tex/latex/pdfpages/ppxetex.def
File: ppxetex.def 2026/03/30 v0.6h Pdfpages driver for XeTeX (AM)
)
\pdfpages@includegraphics@status=\count408
\AM@pagebox=\box144
\AM@global@opts=\toks42
\AM@pagecnt=\count409
\AM@toc@title=\toks43
\AM@lof@heading=\toks44
\c@AM@survey=\count410
\AM@templatesizebox=\box145
)
(/usr/share/texlive/texmf-dist/tex/latex/setspace/setspace.sty
Package: setspace 2022/12/04 v6.7b set line spacing
)
(/usr/share/texlive/texmf-dist/tex/latex/tools/tabularx.sty
Package: tabularx 2023/12/11 v2.12a `tabularx' package (DPC)
\TX@col@width=\dimen363
\TX@old@table=\dimen364
\TX@old@col=\dimen365
\TX@target=\dimen366
\TX@delta=\dimen367
\TX@cols=\count411
\TX@ftn=\toks45
)
(/usr/share/texlive/texmf-dist/tex/latex/geometry/geometry.sty
Package: geometry 2026/03/07 v6.0 Page Geometry

(/usr/share/texlive/texmf-dist/tex/generic/iftex/ifvtex.sty
Package: ifvtex 2019/10/25 v1.7 ifvtex legacy package. Use iftex instead.
)
\Gm@cnth=\count412
\Gm@cntv=\count413
\c@Gm@tempcnt=\count414
\Gm@bindingoffset=\dimen368
\Gm@wd@mp=\dimen369
\Gm@odd@mp=\dimen370
\Gm@even@mp=\dimen371
\Gm@layoutwidth=\dimen372
\Gm@layoutheight=\dimen373
\Gm@layouthoffset=\dimen374
\Gm@layoutvoffset=\dimen375
\Gm@dimlist=\toks46
)
(/usr/share/texlive/texmf-dist/tex/latex/caption/caption.sty
Package: caption 2023/08/05 v3.6o Customizing captions (AR)

(/usr/share/texlive/texmf-dist/tex/latex/caption/caption3.sty
Package: caption3 2023/07/31 v2.4d caption3 kernel (AR)
\caption@tempdima=\dimen376
\captionmargin=\dimen377
\caption@leftmargin=\dimen378
\caption@rightmargin=\dimen379
\caption@width=\dimen380
\caption@indent=\dimen381
\caption@parindent=\dimen382
\caption@hangindent=\dimen383
Package caption Info: Standard document class detected.
)
\c@caption@flags=\count415
\c@continuedfloat=\count416
Package caption Info: float package is loaded.
Package caption Info: hyperref package is loaded.
Package caption Info: longtable package is loaded.

(/usr/share/texlive/texmf-dist/tex/latex/caption/ltcaption.sty
Package: ltcaption 2021/01/08 v1.4c longtable captions (AR)
)
Package caption Info: wrapfig package is loaded.
)
(/usr/share/texlive/texmf-dist/tex/latex/placeins/placeins.sty
Package: placeins 2005/04/18  v 2.2
)
Package hyperref Info: Option `colorlinks' set `true' on input line 30.
Package hyperref Info: Option `bookmarksnumbered' set `true' on input line 30.

Package fontspec Info: 
(fontspec)             Could not resolve font "Times New Roman/BI" (it
(fontspec)             probably doesn't exist).


Package fontspec Info: 
(fontspec)             Could not resolve font "Times New Roman/B" (it probably
(fontspec)             doesn't exist).


Package fontspec Info: 
(fontspec)             Could not resolve font "Times New Roman/I" (it probably
(fontspec)             doesn't exist).


Package fontspec Info: 
(fontspec)             Font family 'TimesNewRoman(0)' created for font 'Times
(fontspec)             New Roman' with options [Ligatures=TeX].
(fontspec)              
(fontspec)              This font family consists of the following NFSS
(fontspec)             series/shapes:
(fontspec)              
(fontspec)             - 'normal' (m/n) with NFSS spec.: <->"Times New
(fontspec)             Roman/OT:script=latn;language=dflt;mapping=tex-text;"
(fontspec)             - 'small caps'  (m/sc) with NFSS spec.: <->"Times New
(fontspec)             Roman/OT:script=latn;language=dflt;+smcp;mapping=tex-tex
t;"



Package xeCJK Warning: Redefining CJKfamily `\CJKrmdefault'
(xeCJK)                (FandolSong-Regular(0)).


Package fontspec Info: 
(fontspec)             Could not resolve font "SimSun/I" (it probably doesn't
(fontspec)             exist).


Package fontspec Info: 
(fontspec)             Could not resolve font "SimSun/BI" (it probably doesn't
(fontspec)             exist).


Package fontspec Info: 
(fontspec)             Could not resolve font "SimSun/I" (it probably doesn't
(fontspec)             exist).


Package fontspec Info: 
(fontspec)             Font family 'SimSun(0)' created for font 'SimSun' with
(fontspec)             options [Script={CJK},AutoFakeBold={4}].
(fontspec)              
(fontspec)              This font family consists of the following NFSS
(fontspec)             series/shapes:
(fontspec)              
(fontspec)             - 'normal' (m/n) with NFSS spec.:
(fontspec)             <->"SimSun/OT:script=hani;language=dflt;"
(fontspec)             - 'bold' (b/n) with NFSS spec.:
(fontspec)             <->"SimSun/OT:script=hani;language=dflt;embolden=4;"

Package translations Info: No language package found. I am going to use `englis
h' as default language. on input line 43.
(./Feynman Lectures on Physics.aux (./Chapters/VolumeI/Chapter1.aux)
(./Chapters/VolumeI/Chapter2.aux) (./Chapters/VolumeI/Chapter3.aux)
(./Chapters/VolumeI/Chapter4.aux) (./Chapters/VolumeI/Chapter5.aux)
(./Chapters/VolumeI/Chapter6.aux) (./Chapters/VolumeI/Chapter7.aux)
(./Chapters/VolumeI/Chapter8.aux) (./Chapters/VolumeI/Chapter9.aux)
(./Chapters/VolumeI/Chapter10.aux) (./Chapters/VolumeI/Chapter11.aux)
(./Chapters/VolumeI/Chapter12.aux) (./Chapters/VolumeI/Chapter13.aux)
(./Chapters/VolumeI/Chapter14.aux) (./Chapters/VolumeI/Chapter15.aux)
(./Chapters/VolumeI/Chapter16.aux) (./Chapters/VolumeI/Chapter17.aux)
(./Chapters/VolumeI/Chapter18.aux) (./Chapters/VolumeI/Chapter19.aux)
(./Chapters/VolumeI/Chapter20.aux) (./Chapters/VolumeI/Chapter21.aux)
(./Chapters/VolumeI/Chapter22.aux) (./Chapters/VolumeI/Chapter23.aux)
(./Chapters/VolumeI/Chapter24.aux) (./Chapters/VolumeI/Chapter25.aux)
(./Chapters/VolumeI/Chapter26.aux) (./Chapters/VolumeI/Chapter27.aux)
(./Chapters/VolumeI/Chapter28.aux) (./Chapters/VolumeI/Chapter29.aux)
(./Chapters/VolumeI/Chapter30.aux) (./Chapters/VolumeI/Chapter31.aux)
(./Chapters/VolumeI/Chapter32.aux) (./Chapters/VolumeI/Chapter33.aux)
(./Chapters/VolumeI/Chapter34.aux) (./Chapters/VolumeI/Chapter35.aux)
(./Chapters/VolumeI/Chapter36.aux) (./Chapters/VolumeI/Chapter37.aux)
(./Chapters/VolumeI/Chapter38.aux) (./Chapters/VolumeI/Chapter39.aux)
(./Chapters/VolumeI/Chapter40.aux) (./Chapters/VolumeI/Chapter41.aux)
(./Chapters/VolumeI/Chapter42.aux) (./Chapters/VolumeI/Chapter43.aux)
(./Chapters/VolumeI/Chapter44.aux) (./Chapters/VolumeI/Chapter45.aux)
(./Chapters/VolumeI/Chapter46.aux) (./Chapters/VolumeI/Chapter47.aux)
(./Chapters/VolumeI/Chapter48.aux) (./Chapters/VolumeI/Chapter49.aux)
(./Chapters/VolumeI/Chapter50.aux) (./Chapters/VolumeI/Chapter51.aux)
(./Chapters/VolumeI/Chapter52.aux) (./Chapters/VolumeII/Chapter1.aux)
(./Chapters/VolumeIII/Chapter1.aux))
\openout1 = `"Feynman Lectures on Physics.aux"'.

LaTeX Font Info:    Checking defaults for OML/cmm/m/it on input line 43.
LaTeX Font Info:    ... okay on input line 43.
LaTeX Font Info:    Checking defaults for OMS/cmsy/m/n on input line 43.
LaTeX Font Info:    ... okay on input line 43.
LaTeX Font Info:    Checking defaults for OT1/cmr/m/n on input line 43.
LaTeX Font Info:    ... okay on input line 43.
LaTeX Font Info:    Checking defaults for T1/cmr/m/n on input line 43.
LaTeX Font Info:    ... okay on input line 43.
LaTeX Font Info:    Checking defaults for TS1/cmr/m/n on input line 43.
LaTeX Font Info:    ... okay on input line 43.
LaTeX Font Info:    Checking defaults for TU/lmr/m/n on input line 43.
LaTeX Font Info:    ... okay on input line 43.
LaTeX Font Info:    Checking defaults for OMX/cmex/m/n on input line 43.
LaTeX Font Info:    ... okay on input line 43.
LaTeX Font Info:    Checking defaults for U/cmr/m/n on input line 43.
LaTeX Font Info:    ... okay on input line 43.
LaTeX Font Info:    Checking defaults for PD1/pdf/m/n on input line 43.
LaTeX Font Info:    ... okay on input line 43.
LaTeX Font Info:    Checking defaults for PU/pdf/m/n on input line 43.
LaTeX Font Info:    ... okay on input line 43.
Package hyperref Info: Link coloring ON on input line 43.
 (./Feynman Lectures on Physics.out)
(./Feynman Lectures on Physics.out)
\@outlinefile=\write4
\openout4 = `"Feynman Lectures on Physics.out"'.


(/usr/share/texlive/texmf-dist/tex/latex/translations/translations-basic-dictio
nary-english.trsl
File: translations-basic-dictionary-english.trsl (english translation file `tra
nslations-basic-dictionary')
)
Package translations Info: loading dictionary `translations-basic-dictionary' f
or `english'. on input line 43.

(/usr/share/texlive/texmf-dist/tex/latex/pdflscape/pdflscape.sty
Package: pdflscape 2025-06-23 v0.14 Display of landscape pages in PDF

(/usr/share/texlive/texmf-dist/tex/latex/pdflscape/pdflscape-nometadata.sty
Package: pdflscape-nometadata 2025-06-23 v0.14 Display of landscape pages in PD
F (HO)

(/usr/share/texlive/texmf-dist/tex/latex/graphics/lscape.sty
Package: lscape 2020/05/28 v3.02 Landscape Pages (DPC)
)
Package pdflscape Info: Auto-detected driver: dvipdfm (xetex) on input line 98.

))
*geometry* driver: auto-detecting
*geometry* detected driver: xetex
*geometry* verbose mode - [ preamble ] result:
* driver: xetex
* paper: a4paper
* layout: <same size as paper>
* layoutoffset:(h,v)=(0.0pt,0.0pt)
* hratio: 1:1
* bindingoffset: 22.76219pt
* modes: twoside 
* h-part:(L,W,R)=(57.4737pt, 459.7983pt, 57.4737pt)
* v-part:(T,H,B)=(67.60269pt, 676.04005pt, 101.4041pt)
* \paperwidth=597.50787pt
* \paperheight=845.04684pt
* \textwidth=459.7983pt
* \textheight=676.04005pt
* \oddsidemargin=7.9659pt
* \evensidemargin=-14.7963pt
* \topmargin=-36.54109pt
* \headheight=12.0pt
* \headsep=19.8738pt
* \topskip=12.0pt
* \footskip=30.0pt
* \marginparwidth=88.0pt
* \marginparsep=7.0pt
* \columnsep=22.76219pt
* \skip\footins=10.8pt plus 4.0pt minus 2.0pt
* \hoffset=0.0pt
* \voffset=0.0pt
* \mag=1000
* \@twocolumnfalse
* \@twosidetrue
* \@mparswitchtrue
* \@reversemarginfalse
* (1in=72.27pt=25.4mm, 1cm=28.453pt)

Package caption Info: Begin \AtBeginDocument code.
Package caption Info: End \AtBeginDocument code.
File: Cover.pdf Graphic file (type pdf)
<use Cover.pdf>
File: Cover.pdf Graphic file (type pdf)
<use Cover.pdf, page 1>
File: Cover.pdf Graphic file (type pdf)
<use Cover.pdf, page 1>
File: Cover.pdf Graphic file (type pdf)
<use Cover.pdf, page 1>
File: Cover.pdf Graphic file (type pdf)
<use Cover.pdf, page 1>
File: Cover.pdf Graphic file (type pdf)
<use Cover.pdf, page 1>
[1



] [2

]
File: Cover.pdf Graphic file (type pdf)
<use Cover.pdf>
File: Cover.pdf Graphic file (type pdf)
<use Cover.pdf, page 2>
File: Cover.pdf Graphic file (type pdf)
<use Cover.pdf, page 2>
File: Cover.pdf Graphic file (type pdf)
<use Cover.pdf, page 2>
File: Cover.pdf Graphic file (type pdf)
<use Cover.pdf, page 2>
File: Cover.pdf Graphic file (type pdf)
<use Cover.pdf, page 2>
 [1

] [2

]

LaTeX Font Warning: Font shape `TU/TimesNewRoman(0)/b/n' undefined
(Font)              using `TU/TimesNewRoman(0)/m/n' instead on input line 55.

[3]

LaTeX Font Warning: Font shape `TU/TimesNewRoman(0)/m/sl' undefined
(Font)              using `TU/TimesNewRoman(0)/m/n' instead on input line 72.

[4

]
LaTeX Font Info:    Trying to load font information for U+msa on input line 80.

 (/usr/share/texlive/texmf-dist/tex/latex/amsfonts/umsa.fd
File: umsa.fd 2013/01/14 v3.01 AMS symbols A
)
LaTeX Font Info:    Trying to load font information for U+msb on input line 80.


(/usr/share/texlive/texmf-dist/tex/latex/amsfonts/umsb.fd
File: umsb.fd 2013/01/14 v3.01 AMS symbols B
) [1] [2

] [3] [4]
[5] [6] [7] [8

]
File: Figures/VolumeI/Chapter0/Feynman.jpeg Graphic file (type bmp)
<Figures/VolumeI/Chapter0/Feynman.jpeg>
 [9] [10] [11] [12

] [13] [14] [15] [16]
(./Feynman Lectures on Physics.toc [17

]

LaTeX Font Warning: Font shape `TU/SimSun(0)/m/sl' undefined
(Font)              using `TU/SimSun(0)/m/n' instead on input line 254.

[18]) [19] [20

] (./Feynman Lectures on Physics.toc [21] [22] [23] [24] [25]
[26] [27] [28] [29] [30] [31])
\tf@toc=\write5
\openout5 = `"Feynman Lectures on Physics.toc"'.

 [32] [1

] [2]
\openout2 = `./Chapters/VolumeI/Chapter1.aux'.

 (./Chapters/VolumeI/Chapter1.tex
第一章
[3


] [4]
File: Figures/VolumeI/Chapter1/放大10亿倍的水.pdf Graphic file (type pdf)
<use Figures/VolumeI/Chapter1/放大10亿倍的水.pdf>
File: Figures/VolumeI/Chapter1/水蒸气.pdf Graphic file (type pdf)
<use Figures/VolumeI/Chapter1/水蒸气.pdf>
 [5]
File: Figures/VolumeI/Chapter1/一个配有活塞的汽缸.pdf Graphic file (type pdf)
<use Figures/VolumeI/Chapter1/一个配有活塞的汽缸.pdf>
 [6]
File: Figures/VolumeI/Chapter1/冰.pdf Graphic file (type pdf)
<use Figures/VolumeI/Chapter1/冰.pdf>

Underfull \vbox (badness 3189) has occurred while \output is active []

 [7]
File: Figures/VolumeI/Chapter1/空气中水的蒸发.pdf Graphic file (type pdf)
<use Figures/VolumeI/Chapter1/空气中水的蒸发.pdf>

[8]
File: Figures/VolumeI/Chapter1/盐在水中的溶解.pdf Graphic file (type pdf)
<use Figures/VolumeI/Chapter1/盐在水中的溶解.pdf>
 [9]
File: Figures/VolumeI/Chapter1/食盐的晶体结构.pdf Graphic file (type pdf)
<use Figures/VolumeI/Chapter1/食盐的晶体结构.pdf>
File: Figures/VolumeI/Chapter1/碳在氧气中的燃烧.pdf Graphic file (type pdf)
<use Figures/VolumeI/Chapter1/碳在氧气中的燃烧.pdf>
 [10]
File: Figures/VolumeI/Chapter1/空气中的紫罗兰香气分子.pdf Graphic file (type pdf)
<use Figures/VolumeI/Chapter1/空气中的紫罗兰香气分子.pdf>
 [11]
File: Figures/VolumeI/Chapter1/α鸢尾酮香料的分子结构图.pdf Graphic file (type pdf)
<use Figures/VolumeI/Chapter1/α鸢尾酮香料的分子结构图.pdf>
 [12]) [13]
\openout2 = `./Chapters/VolumeI/Chapter2.aux'.

 (./Chapters/VolumeI/Chapter2.tex [14




]
第二章
[15]
Underfull \vbox (badness 1337) has occurred while \output is active []

 [16]
[17] [18] [19] [20] [21] [22] [23]
File: Figures/VolumeI/Chapter2/基本粒子.pdf Graphic file (type pdf)
<use Figures/VolumeI/Chapter2/基本粒子.pdf>
 [24] [25] [26]) [27]
\openout2 = `./Chapters/VolumeI/Chapter3.aux'.


(./Chapters/VolumeI/Chapter3.tex [28




]
第三章
[29] [30]
File: Figures/VolumeI/Chapter3/克莱布斯循环.pdf Graphic file (type pdf)
<use Figures/VolumeI/Chapter3/克莱布斯循环.pdf>
 [31] [32] [33]
File: Figures/VolumeI/Chapter3/部分DNA分子结构图.pdf Graphic file (type pdf)
<use Figures/VolumeI/Chapter3/部分DNA分子结构图.pdf>
 [34] [35] [36] [37] [38]) [39]
\openout2 = `./Chapters/VolumeI/Chapter4.aux'.


(./Chapters/VolumeI/Chapter4.tex [40




]
第四章
[41]
Underfull \vbox (badness 1117) has occurred while \output is active []

 [42]
File: Figures/VolumeI/Chapter4/简单的起重机械.pdf Graphic file (type pdf)
<use Figures/VolumeI/Chapter4/简单的起重机械.pdf>

[43]
File: Figures/VolumeI/Chapter4/一种可逆机.pdf Graphic file (type pdf)
<use Figures/VolumeI/Chapter4/一种可逆机.pdf>
 [44]
File: Figures/VolumeI/Chapter4/斜面.pdf Graphic file (type pdf)
<use Figures/VolumeI/Chapter4/斜面.pdf>
File: Figures/VolumeI/Chapter4/斯蒂维纽司的墓志铭.pdf Graphic file (type pdf)
<use Figures/VolumeI/Chapter4/斯蒂维纽司的墓志铭.pdf>
 [45]
File: Figures/VolumeI/Chapter4/螺旋起重器.pdf Graphic file (type pdf)
<use Figures/VolumeI/Chapter4/螺旋起重器.pdf>
File: Figures/VolumeI/Chapter4/一端支撑着的荷重杆.pdf Graphic file (type pdf)
<use Figures/VolumeI/Chapter4/一端支撑着的荷重杆.pdf>

Underfull \vbox (badness 5345) has occurred while \output is active []

 [46]
File: Figures/VolumeI/Chapter4/单摆.pdf Graphic file (type pdf)
<use Figures/VolumeI/Chapter4/单摆.pdf>

Underfull \vbox (badness 10000) has occurred while \output is active []

 [47]
[48]
Underfull \vbox (badness 3189) has occurred while \output is active []

 [49])
[50]
\openout2 = `./Chapters/VolumeI/Chapter5.aux'.

 (./Chapters/VolumeI/Chapter5.tex
第五章
File: Figures/VolumeI/Chapter5/一个小球沿着斜面滚下.pdf Graphic file (type pdf)
<use Figures/VolumeI/Chapter5/一个小球沿着斜面滚下.pdf>

Underfull \vbox (badness 5008) has occurred while \output is active []

 [51




]
Underfull \vbox (badness 10000) has occurred while \output is active []

 [52]
File: Figures/VolumeI/Chapter5/示波器屏上的两个图象.jpg Graphic file (type bmp)
<Figures/VolumeI/Chapter5/示波器屏上的两个图象.jpg>

[53] [54]
File: Figures/VolumeI/Chapter5/放射性随时间而减少.pdf Graphic file (type pdf)
<use Figures/VolumeI/Chapter5/放射性随时间而减少.pdf>
 [55] [56]
File: Figures/VolumeI/Chapter5/用三角法测定人造卫星的高度.pdf Graphic file (type pdf)
<use Figures/VolumeI/Chapter5/用三角法测定人造卫星的高度.pdf>
 [57]
File: Figures/VolumeI/Chapter5/三角法测量恒星距离.pdf Graphic file (type pdf)
<use Figures/VolumeI/Chapter5/三角法测量恒星距离.pdf>
File: Figures/VolumeI/Chapter5/靠近我们银河系中心的一个星团.jpg Graphic file (type bmp)
<Figures/VolumeI/Chapter5/靠近我们银河系中心的一个星团.jpg>
 [58]
File: Figures/VolumeI/Chapter5/和我们银河系一样的一个螺旋银河系.jpg Graphic file (type bmp)
<Figures/VolumeI/Chapter5/和我们银河系一样的一个螺旋银河系.jpg>
File: Figures/VolumeI/Chapter5/牧夫座中的3c295.jpg Graphic file (type bmp)
<Figures/VolumeI/Chapter5/牧夫座中的3c295.jpg>
 [59]
File: Figures/VolumeI/Chapter5/某些病毒分子的电子显微镜图.jpg Graphic file (type bmp)
<Figures/VolumeI/Chapter5/某些病毒分子的电子显微镜图.jpg>
File: Figures/VolumeI/Chapter5/一块厚1厘米的碳设想的图像.pdf Graphic file (type pdf)
<use Figures/VolumeI/Chapter5/一块厚1厘米的碳设想的图像.pdf>

Underfull \vbox (badness 10000) has occurred while \output is active []

 [60]
[61]) [62]
\openout2 = `./Chapters/VolumeI/Chapter6.aux'.

 (./Chapters/VolumeI/Chapter6.tex
第六章
[63




] [64]
File: Figures/VolumeI/Chapter6/三十次抛掷正面和反面的前后次序.pdf Graphic file (type pdf)
<use Figures/VolumeI/Chapter6/三十次抛掷正面和反面的前后次序.pdf>
 [65]
File: Figures/VolumeI/Chapter6/30次抛掷的100轮游戏所得结果概况.pdf Graphic file (type pdf)
<use Figures/VolumeI/Chapter6/30次抛掷的100轮游戏所得结果概况.pdf>
 [66]
File: Figures/VolumeI/Chapter6/抛掷三次游戏的图解.pdf Graphic file (type pdf)
<use Figures/VolumeI/Chapter6/抛掷三次游戏的图解.pdf>
File: Figures/VolumeI/Chapter6/抛掷六次游戏的图解.pdf Graphic file (type pdf)
<use Figures/VolumeI/Chapter6/抛掷六次游戏的图解.pdf>
 [67]
File: Figures/VolumeI/Chapter6/无规行走取得的进度.pdf Graphic file (type pdf)
<use Figures/VolumeI/Chapter6/无规行走取得的进度.pdf>
 [68]

LaTeX Font Warning: Font shape `TU/TimesNewRoman(0)/m/it' undefined
(Font)              using `TU/TimesNewRoman(0)/m/sl' instead on input line 162.



Underfull \vbox (badness 10000) has occurred while \output is active []

 [69]
File: Figures/VolumeI/Chapter6/获得正面的那些抛掷在某一特定次序中的比值.pdf Graphic file (type pdf)

<use Figures/VolumeI/Chapter6/获得正面的那些抛掷在某一特定次序中的比值.pdf>

Underfull \hbox (badness 1043) in paragraph at lines 219--220
[][]\TU/SimSun(0)/m/n/12 在 图 \TU/TimesNewRoman(0)/b/n/12 6.6 \TU/SimSun(0)/m/n/
12 中，|  我 们 根 据 本 章 前 面 提 到
 []


Underfull \hbox (badness 2073) in paragraph at lines 219--220
\TU/SimSun(0)/m/n/12 的 掷 币 记 录 画 了 一 条 表 示 比 值 $\OML/cmm/m/it/12 N[]=N$ \TU/Sim
Sun(0)/m/n/12 的
 []

[70] [71]
File: Figures/VolumeI/Chapter6/在步数为N的无规行走中停止在从起点算起的距离.pdf Graphic file (type pd
f)
<use Figures/VolumeI/Chapter6/在步数为N的无规行走中停止在从起点算起的距离.pdf>
File: Figures/VolumeI/Chapter6/无规行走中所通过的距离D，它位于x1与x2.pdf Graphic file (type pdf
)
<use Figures/VolumeI/Chapter6/无规行走中所通过的距离D，它位于x1与x2.pdf>
 [72]
File: Figures/VolumeI/Chapter6/气体中分子的速度分布.pdf Graphic file (type pdf)
<use Figures/VolumeI/Chapter6/气体中分子的速度分布.pdf>
 [73]
File: Figures/VolumeI/Chapter6/观察一个粒子的位置与速度时的概率密度.pdf Graphic file (type pdf)
<use Figures/VolumeI/Chapter6/观察一个粒子的位置与速度时的概率密度.pdf>

Overfull \hbox (9.87172pt too wide) in paragraph at lines 325--326
[]\TU/SimSun(0)/m/n/12 这 个 式 子 就 是 我 们 前 面 提 到 过 的|   []
 []

[74]
File: Figures/VolumeI/Chapter6/使氢原子形象化的一种方法.jpg Graphic file (type bmp)
<Figures/VolumeI/Chapter6/使氢原子形象化的一种方法.jpg>
) [75]
\openout2 = `./Chapters/VolumeI/Chapter7.aux'.

 (./Chapters/VolumeI/Chapter7.tex [76




]
第七章

Underfull \vbox (badness 2277) has occurred while \output is active []

 [77]
File: Figures/VolumeI/Chapter7/椭圆.pdf Graphic file (type pdf)
<use Figures/VolumeI/Chapter7/椭圆.pdf>
File: Figures/VolumeI/Chapter7/开普勒的面积定律.pdf Graphic file (type pdf)
<use Figures/VolumeI/Chapter7/开普勒的面积定律.pdf>

[78] [79]
File: Figures/VolumeI/Chapter7/演示垂直和水平运动互不相关的仪器装置.pdf Graphic file (type pdf)
<use Figures/VolumeI/Chapter7/演示垂直和水平运动互不相关的仪器装置.pdf>
File: Figures/VolumeI/Chapter7/指向圆形轨道中心的加速运动.pdf Graphic file (type pdf)
<use Figures/VolumeI/Chapter7/指向圆形轨道中心的加速运动.pdf>
 [80]
File: Figures/VolumeI/Chapter7/解释潮汐现象的地球－月球系统.pdf Graphic file (type pdf)
<use Figures/VolumeI/Chapter7/解释潮汐现象的地球－月球系统.pdf>

Underfull \vbox (badness 3189) has occurred while \output is active []

 [81]
File: Figures/VolumeI/Chapter7/双星系统.jpg Graphic file (type bmp)
<Figures/VolumeI/Chapter7/双星系统.jpg>

[82]
File: Figures/VolumeI/Chapter7/天狼星B绕天狼星A转动的轨道.pdf Graphic file (type pdf)
<use Figures/VolumeI/Chapter7/天狼星B绕天狼星A转动的轨道.pdf>
File: Figures/VolumeI/Chapter7/球状星团.jpg Graphic file (type bmp)
<Figures/VolumeI/Chapter7/球状星团.jpg>

Underfull \vbox (badness 1348) has occurred while \output is active []

 [83]
File: Figures/VolumeI/Chapter7/某星系.jpg Graphic file (type bmp)
<Figures/VolumeI/Chapter7/某星系.jpg>
File: Figures/VolumeI/Chapter7/星系团.jpg Graphic file (type bmp)
<Figures/VolumeI/Chapter7/星系团.jpg>

[84]
File: Figures/VolumeI/Chapter7/星际尘埃云.jpg Graphic file (type bmp)
<Figures/VolumeI/Chapter7/星际尘埃云.jpg>
File: Figures/VolumeI/Chapter7/新星的形成.jpg Graphic file (type bmp)
<Figures/VolumeI/Chapter7/新星的形成.jpg>
File: Figures/VolumeI/Chapter7/卡文迪什测量引力常数的装置.pdf Graphic file (type pdf)
<use Figures/VolumeI/Chapter7/卡文迪什测量引力常数的装置.pdf>
 [85] [86] [87]
File: Figures/VolumeI/Chapter7/两个电子之间的电力相互作用和引力相互作用的相对强度.png Graphic file (type
 bmp)
<Figures/VolumeI/Chapter7/两个电子之间的电力相互作用和引力相互作用的相对强度.png>
 [88]) [89]
\openout2 = `./Chapters/VolumeI/Chapter8.aux'.

 (./Chapters/VolumeI/Chapter8.tex [90




]
第八章
[91]
File: Figures/VolumeI/Chapter8/汽车的距离-时间曲线.pdf Graphic file (type pdf)
<use Figures/VolumeI/Chapter8/汽车的距离-时间曲线.pdf>
File: Figures/VolumeI/Chapter8/落体的距离-时间曲线.pdf Graphic file (type pdf)
<use Figures/VolumeI/Chapter8/落体的距离-时间曲线.pdf>
 [92] [93] [94]
Underfull \vbox (badness 10000) has occurred while \output is active []

 [95]
Underfull \vbox (badness 10000) has occurred while \output is active []

 [96]
[97]
Underfull \vbox (badness 10000) has occurred while \output is active []

 [98]
[99] [100]
Underfull \vbox (badness 6927) has occurred while \output is active []

 [101]
[102]
File: Figures/VolumeI/Chapter8/物体二维运动的描述和它的速度的计算.pdf Graphic file (type pdf)
<use Figures/VolumeI/Chapter8/物体二维运动的描述和它的速度的计算.pdf>
File: Figures/VolumeI/Chapter8/具有水平初速的落体所描述的抛物线.pdf Graphic file (type pdf)
<use Figures/VolumeI/Chapter8/具有水平初速的落体所描述的抛物线.pdf>
) [103]
\openout2 = `./Chapters/VolumeI/Chapter9.aux'.

 (./Chapters/VolumeI/Chapter9.tex [104




]
第九章
[105]
File: Figures/VolumeI/Chapter9/一个物体的微小位移.pdf Graphic file (type pdf)
<use Figures/VolumeI/Chapter9/一个物体的微小位移.pdf>

Underfull \vbox (badness 10000) has occurred while \output is active []

 [106]
File: Figures/VolumeI/Chapter9/速度的数值与方向均变的情况.pdf Graphic file (type pdf)
<use Figures/VolumeI/Chapter9/速度的数值与方向均变的情况.pdf>

Underfull \hbox (badness 8056) in paragraph at lines 54--55
[][]\TU/SimSun(0)/m/n/12 在 式  |（[][]\TU/TimesNewRoman(0)/b/n/12 9.4[][]\TU/SimS
un(0)/m/n/12 ）|  中，|  我 们 通 过 物 体 沿 $\OML/cmm/m/it/12 x$
 []


Overfull \hbox (46.2275pt too wide) in paragraph at lines 54--55
\TU/SimSun(0)/m/n/12 方 向、| $\OML/cmm/m/it/12 y$ \TU/SimSun(0)/m/n/12 方 向、| $\OM
L/cmm/m/it/12 z$ \TU/SimSun(0)/m/n/12 方 向 运 动 的 快 慢，| |   []。|
 []

[107] [108]
File: Figures/VolumeI/Chapter9/挂在弹簧上的一个重物.pdf Graphic file (type pdf)
<use Figures/VolumeI/Chapter9/挂在弹簧上的一个重物.pdf>

Underfull \vbox (badness 10000) has occurred while \output is active []

 [109]
[110] [111]
File: Figures/VolumeI/Chapter9/悬于弹簧上的重物运动曲线.pdf Graphic file (type pdf)
<use Figures/VolumeI/Chapter9/悬于弹簧上的重物运动曲线.pdf>
 [112]
File: Figures/VolumeI/Chapter9/作用在行星上的太阳引力.pdf Graphic file (type pdf)
<use Figures/VolumeI/Chapter9/作用在行星上的太阳引力.pdf>

Underfull \vbox (badness 10000) has occurred while \output is active []

 [113]
[114]
Underfull \vbox (badness 10000) has occurred while \output is active []

 [115]
File: Figures/VolumeI/Chapter9/由计算所得的行星绕日运动.pdf Graphic file (type pdf)
<use Figures/VolumeI/Chapter9/由计算所得的行星绕日运动.pdf>

Underfull \vbox (badness 2088) has occurred while \output is active []

 [116])
[117]
\openout2 = `./Chapters/VolumeI/Chapter10.aux'.

 (./Chapters/VolumeI/Chapter10.tex [118




]
第十章
[119] [120] [121] [122]
File: Figures/VolumeI/Chapter10/直线气垫端视图.pdf Graphic file (type pdf)
<use Figures/VolumeI/Chapter10/直线气垫端视图.pdf>
File: Figures/VolumeI/Chapter10/带有爆破作用气缸附件的滑块截面图.pdf Graphic file (type pdf)
<use Figures/VolumeI/Chapter10/带有爆破作用气缸附件的滑块截面图.pdf>
File: Figures/VolumeI/Chapter10/两个质量相等的物体的作用-反作用实验的示意图.pdf Graphic file (type p
df)
<use Figures/VolumeI/Chapter10/两个质量相等的物体的作用-反作用实验的示意图.pdf>
File: Figures/VolumeI/Chapter10/质量相等的物体进行的非弹性碰撞的两种看法.pdf Graphic file (type pdf
)
<use Figures/VolumeI/Chapter10/质量相等的物体进行的非弹性碰撞的两种看法.pdf>
File: Figures/VolumeI/Chapter10/质量相等的物体进行的另一种非弹性碰撞的两种看法.pdf Graphic file (type 
pdf)
<use Figures/VolumeI/Chapter10/质量相等的物体进行的另一种非弹性碰撞的两种看法.pdf>
 [123] [124]
File: Figures/VolumeI/Chapter10/验证以速度v运动的质量为m的物体与一个质量相同的静止物体.pdf Graphic file (
type pdf)
<use Figures/VolumeI/Chapter10/验证以速度v运动的质量为m的物体与一个质量相同的静止物体.pdf>

Underfull \vbox (badness 10000) has occurred while \output is active []

 [125]
File: Figures/VolumeI/Chapter10/m和2m之间的非弹性碰撞的两种看法.pdf Graphic file (type pdf)
<use Figures/VolumeI/Chapter10/m和2m之间的非弹性碰撞的两种看法.pdf>
File: Figures/VolumeI/Chapter10/2m和3m之间的作用与反作用.pdf Graphic file (type pdf)
<use Figures/VolumeI/Chapter10/2m和3m之间的作用与反作用.pdf>

[126] [127] [128]) [129]
\openout2 = `./Chapters/VolumeI/Chapter11.aux'.

 (./Chapters/VolumeI/Chapter11.tex [130




]
第十一章
[131]
File: Figures/VolumeI/Chapter11/两个平行坐标系.pdf Graphic file (type pdf)
<use Figures/VolumeI/Chapter11/两个平行坐标系.pdf>
 [132]
Underfull \vbox (badness 10000) has occurred while \output is active []

 [133]
Underfull \vbox (badness 10000) has occurred while \output is active []

 [134]
File: Figures/VolumeI/Chapter11/角方位不同的两个坐标系.pdf Graphic file (type pdf)
<use Figures/VolumeI/Chapter11/角方位不同的两个坐标系.pdf>
File: Figures/VolumeI/Chapter11/在两个坐标系中力的分量.pdf Graphic file (type pdf)
<use Figures/VolumeI/Chapter11/在两个坐标系中力的分量.pdf>

[135] [136] [137]
File: Figures/VolumeI/Chapter11/矢量的加法.pdf Graphic file (type pdf)
<use Figures/VolumeI/Chapter11/矢量的加法.pdf>
File: Figures/VolumeI/Chapter11/矢量的减法.pdf Graphic file (type pdf)
<use Figures/VolumeI/Chapter11/矢量的减法.pdf>
 [138]
File: Figures/VolumeI/Chapter11/在短时间间隔.pdf Graphic file (type pdf)
<use Figures/VolumeI/Chapter11/在短时间间隔.pdf>

Underfull \vbox (badness 2903) has occurred while \output is active []

 [139]
File: Figures/VolumeI/Chapter11/曲线轨道示意图.pdf Graphic file (type pdf)
<use Figures/VolumeI/Chapter11/曲线轨道示意图.pdf>
File: Figures/VolumeI/Chapter11/计算加速度的矢量图.pdf Graphic file (type pdf)
<use Figures/VolumeI/Chapter11/计算加速度的矢量图.pdf>

[140]
Underfull \vbox (badness 3078) has occurred while \output is active []

 [141]
Underfull \vbox (badness 10000) has occurred while \output is active []

 [142]
Underfull \vbox (badness 10000) has occurred while \output is active []

 [143])
[144]
\openout2 = `./Chapters/VolumeI/Chapter12.aux'.

 (./Chapters/VolumeI/Chapter12.tex
第十二章

Underfull \vbox (badness 10000) has occurred while \output is active []

 [145




]
Underfull \vbox (badness 1348) has occurred while \output is active []

 [146]
[147] [148]
File: Figures/VolumeI/Chapter12/接触面相对光滑时的摩擦力与法向力的关系.pdf Graphic file (type pdf)

<use Figures/VolumeI/Chapter12/接触面相对光滑时的摩擦力与法向力的关系.pdf>

Underfull \vbox (badness 4647) has occurred while \output is active []

 [149]
[150]
File: Figures/VolumeI/Chapter12/两个原子之间的力与其距离的函数关系.pdf Graphic file (type pdf)
<use Figures/VolumeI/Chapter12/两个原子之间的力与其距离的函数关系.pdf>
 [151]
Underfull \vbox (badness 5119) has occurred while \output is active []

 [152]
Underfull \vbox (badness 10000) has occurred while \output is active []

 [153]
Overfull \hbox (1.64244pt too wide) in paragraph at lines 134--135
[]\TU/SimSun(0)/m/n/12 同 样 的 方 法 适 用 于 引 力 吗？|  牛 顿 把 两 个 物 体 $\OML/cmm/m/it/12
 m[]$ \TU/SimSun(0)/m/n/12 和 $\OML/cmm/m/it/12 m[]$ \TU/SimSun(0)/m/n/12 之 间 的 
力 表 示 成 $[] \OT1/cmr/m/n/12 = \OMS/cmsy/m/n/12 ^^@\OML/cmm/m/it/12 Gm[]m[] \OMS
/cmsy/m/n/12 ^^A
 []

[154]
File: Figures/VolumeI/Chapter12/电子束管.pdf Graphic file (type pdf)
<use Figures/VolumeI/Chapter12/电子束管.pdf>

Underfull \vbox (badness 1292) has occurred while \output is active []

 [155]
Underfull \vbox (badness 1584) has occurred while \output is active []

 [156]
File: Figures/VolumeI/Chapter12/赝力的实例.pdf Graphic file (type pdf)
<use Figures/VolumeI/Chapter12/赝力的实例.pdf>

[157]) [158] [159]
\openout2 = `./Chapters/VolumeI/Chapter13.aux'.

 (./Chapters/VolumeI/Chapter13.tex [160




]
第十三章
[161]
File: Figures/VolumeI/Chapter13/物体在重力作用下在一无摩擦的曲线上的运动.pdf Graphic file (type pdf
)
<use Figures/VolumeI/Chapter13/物体在重力作用下在一无摩擦的曲线上的运动.pdf>

Underfull \hbox (badness 10000) in paragraph at lines 32--38
\TU/SimSun(0)/m/n/12 一
 []


Underfull \vbox (badness 1490) has occurred while \output is active []

 [162]
Underfull \vbox (badness 10000) has occurred while \output is active []

 [163]
File: Figures/VolumeI/Chapter13/在重力作用下小质量m的物体向大质量M的物体落下.pdf Graphic file (type 
pdf)
<use Figures/VolumeI/Chapter13/在重力作用下小质量m的物体向大质量M的物体落下.pdf>

[164]
File: Figures/VolumeI/Chapter13/引力场中的闭合路径.pdf Graphic file (type pdf)
<use Figures/VolumeI/Chapter13/引力场中的闭合路径.pdf>

Underfull \vbox (badness 1210) has occurred while \output is active []

 [165]
File: Figures/VolumeI/Chapter13/一条光滑闭合路径，表明用一系列径向与圆周阶梯近似表示的放大片段和一个阶梯的放大图.pdf Gr
aphic file (type pdf)
<use Figures/VolumeI/Chapter13/一条光滑闭合路径，表明用一系列径向与圆周阶梯近似表示的放大片段和一个阶梯的放大图.pdf>

Underfull \vbox (badness 10000) has occurred while \output is active []

 [166]
[167]
Underfull \vbox (badness 10000) has occurred while \output is active []

 [168]
File: Figures/VolumeI/Chapter13/无限大物质薄片对一个质点产生的万有引力F.pdf Graphic file (type pdf
)
<use Figures/VolumeI/Chapter13/无限大物质薄片对一个质点产生的万有引力F.pdf>

[169]
File: Figures/VolumeI/Chapter13/一个质量或电荷的球状薄壳.pdf Graphic file (type pdf)
<use Figures/VolumeI/Chapter13/一个质量或电荷的球状薄壳.pdf>

Underfull \vbox (badness 10000) has occurred while \output is active []

 [170]
Underfull \vbox (badness 10000) has occurred while \output is active []

 [171])
[172]
\openout2 = `./Chapters/VolumeI/Chapter14.aux'.

 (./Chapters/VolumeI/Chapter14.tex
第十四章
[173




] [174]
File: Figures/VolumeI/Chapter14/作用于一个（无摩擦）滑动物体上的力.pdf Graphic file (type pdf)
<use Figures/VolumeI/Chapter14/作用于一个（无摩擦）滑动物体上的力.pdf>
 [175]
File: Figures/VolumeI/Chapter14/力场中两点之间的可能途径.pdf Graphic file (type pdf)
<use Figures/VolumeI/Chapter14/力场中两点之间的可能途径.pdf>

Underfull \vbox (badness 10000) has occurred while \output is active []

 [176]
Underfull \vbox (badness 1158) has occurred while \output is active []

 [177]
File: Figures/VolumeI/Chapter14/两个原子之间的势能与它们之间的距离的关系.pdf Graphic file (type pdf
)
<use Figures/VolumeI/Chapter14/两个原子之间的势能与它们之间的距离的关系.pdf>

[178] [179] [180]
File: Figures/VolumeI/Chapter14/由半径为a的球壳所引起的势能.pdf Graphic file (type pdf)
<use Figures/VolumeI/Chapter14/由半径为a的球壳所引起的势能.pdf>

Underfull \vbox (badness 10000) has occurred while \output is active []

 [181]
Underfull \vbox (badness 10000) has occurred while \output is active []

 [182]
File: Figures/VolumeI/Chapter14/两块平行金属板之间的场.pdf Graphic file (type pdf)
<use Figures/VolumeI/Chapter14/两块平行金属板之间的场.pdf>
)
[183]
\openout2 = `./Chapters/VolumeI/Chapter15.aux'.

 (./Chapters/VolumeI/Chapter15.tex [184




]
第十五章

Underfull \vbox (badness 1009) has occurred while \output is active []

 [185]
File: Figures/VolumeI/Chapter15/沿着x轴以均匀速度作相对运动的两个坐标系.pdf Graphic file (type pdf
)
<use Figures/VolumeI/Chapter15/沿着x轴以均匀速度作相对运动的两个坐标系.pdf>

[186] [187]
File: Figures/VolumeI/Chapter15/迈克尔逊-莫雷实验的示意图.pdf Graphic file (type pdf)
<use Figures/VolumeI/Chapter15/迈克尔逊-莫雷实验的示意图.pdf>

Overfull \hbox (9.85913pt too wide) in paragraph at lines 85--86
[]\TU/SimSun(0)/m/n/12 迈 克 耳 逊\TU/TimesNewRoman(0)/b/n/12 -\TU/SimSun(0)/m/n/12
 莫 雷 实 验 使 用 了 如 图[][]\TU/TimesNewRoman(0)/b/n/12 15.2[][]\TU/SimSun(0)/m/n/12 
所
 []

[188]
Underfull \vbox (badness 10000) has occurred while \output is active []

 [189]
Underfull \vbox (badness 1107) has occurred while \output is active []

 [190]
[191]
File: Figures/VolumeI/Chapter15/光束经过的斜向路程示意图.pdf Graphic file (type pdf)
<use Figures/VolumeI/Chapter15/光束经过的斜向路程示意图.pdf>
 [192]
Underfull \vbox (badness 10000) has occurred while \output is active []

 [193]
Underfull \vbox (badness 6592) has occurred while \output is active []

 [194]
[195]
Underfull \vbox (badness 5431) has occurred while \output is active []

 [196]
[197]) [198]
\openout2 = `./Chapters/VolumeI/Chapter16.aux'.

 (./Chapters/VolumeI/Chapter16.tex
第十六章
[199




] [200] [201] [202]
Underfull \vbox (badness 10000) has occurred while \output is active []

 [203]
File: Figures/VolumeI/Chapter16/光和“粒子”在一个运动的钟内的运动轨迹.pdf Graphic file (type pdf)

<use Figures/VolumeI/Chapter16/光和“粒子”在一个运动的钟内的运动轨迹.pdf>

[204] [205]
File: Figures/VolumeI/Chapter16/两个以相等速率、相向运动的相同粒子所发生的弹性碰撞的两种视图.pdf Graphic file
 (type pdf)
<use Figures/VolumeI/Chapter16/两个以相等速率、相向运动的相同粒子所发生的弹性碰撞的两种视图.pdf>
File: Figures/VolumeI/Chapter16/从运动汽车上看上去的碰撞的另外两种视图.pdf Graphic file (type pdf)

<use Figures/VolumeI/Chapter16/从运动汽车上看上去的碰撞的另外两种视图.pdf>
 [206]
File: Figures/VolumeI/Chapter16/质量相同的物体之间的非弹性碰撞的两种看法.pdf Graphic file (type pdf
)
<use Figures/VolumeI/Chapter16/质量相同的物体之间的非弹性碰撞的两种看法.pdf>

Underfull \vbox (badness 6348) has occurred while \output is active []

 [207]
[208] [209]) [210]
\openout2 = `./Chapters/VolumeI/Chapter17.aux'.

 (./Chapters/VolumeI/Chapter17.tex
第十七章
[211




]
File: Figures/VolumeI/Chapter17/三个粒子在时空中的轨迹.pdf Graphic file (type pdf)
<use Figures/VolumeI/Chapter17/三个粒子在时空中的轨迹.pdf>
File: Figures/VolumeI/Chapter17/对一个蜕变粒子的两种看法.pdf Graphic file (type pdf)
<use Figures/VolumeI/Chapter17/对一个蜕变粒子的两种看法.pdf>
 [212] [213]
File: Figures/VolumeI/Chapter17/在原点周围的时空区域.pdf Graphic file (type pdf)
<use Figures/VolumeI/Chapter17/在原点周围的时空区域.pdf>
 [214] [215]
Underfull \vbox (badness 3260) has occurred while \output is active []

 [216]
Underfull \vbox (badness 10000) has occurred while \output is active []

 [217]
File: Figures/VolumeI/Chapter17/一个质点的四维动量矢量.pdf Graphic file (type pdf)
<use Figures/VolumeI/Chapter17/一个质点的四维动量矢量.pdf>

[218]
Underfull \vbox (badness 6526) has occurred while \output is active []

 [219])
[220]
\openout2 = `./Chapters/VolumeI/Chapter18.aux'.

 (./Chapters/VolumeI/Chapter18.tex
第十八章

Underfull \vbox (badness 10000) has occurred while \output is active []

 [221




]
[222] [223]
File: Figures/VolumeI/Chapter18/二维转动动力学图示.pdf Graphic file (type pdf)
<use Figures/VolumeI/Chapter18/二维转动动力学图示.pdf>
 [224]
File: Figures/VolumeI/Chapter18/一个力产生的转矩.pdf Graphic file (type pdf)
<use Figures/VolumeI/Chapter18/一个力产生的转矩.pdf>
 [225]
File: Figures/VolumeI/Chapter18/一个围绕轴O运动的质点.pdf Graphic file (type pdf)
<use Figures/VolumeI/Chapter18/一个围绕轴O运动的质点.pdf>
 [226]
Underfull \vbox (badness 10000) has occurred while \output is active []

 [227]
[228]
File: Figures/VolumeI/Chapter18/转动惯量与质量臂有关.pdf Graphic file (type pdf)
<use Figures/VolumeI/Chapter18/转动惯量与质量臂有关.pdf>
) [229]
\openout2 = `./Chapters/VolumeI/Chapter19.aux'.

 (./Chapters/VolumeI/Chapter19.tex [230




]
第十九章
[231]
File: Figures/VolumeI/Chapter19/一个复合体的质心在两个组成部分的各自质心的连线上.pdf Graphic file (type
 pdf)
<use Figures/VolumeI/Chapter19/一个复合体的质心在两个组成部分的各自质心的连线上.pdf>

Underfull \vbox (badness 4647) has occurred while \output is active []

 [232]
Underfull \vbox (badness 10000) has occurred while \output is active []

 [233]
File: Figures/VolumeI/Chapter19/旋转三角形后产生的直角三角形和正圆锥体.pdf Graphic file (type pdf)

<use Figures/VolumeI/Chapter19/旋转三角形后产生的直角三角形和正圆锥体.pdf>

[234]
Underfull \vbox (badness 4518) has occurred while \output is active []

 [235]
File: Figures/VolumeI/Chapter19/长度为L.pdf Graphic file (type pdf)
<use Figures/VolumeI/Chapter19/长度为L.pdf>

Underfull \vbox (badness 10000) has occurred while \output is active []

 [236]
Underfull \vbox (badness 3219) has occurred while \output is active []

 [237]
Overfull \hbox (0.8892pt too wide) in paragraph at lines 160--161
[]\TU/SimSun(0)/m/n/12 表[][]\TU/TimesNewRoman(0)/b/n/12 19.1[][]\TU/SimSun(0)/m
/n/12 列 出 了 一 些 质 量 密 度 均 匀 的 基 本 图 形 的 转 动 惯 量。|  应 用 上 述 性 质，|  可 以 从 表[][]\T
U/TimesNewRoman(0)/b/n/12 19.1[][]
 []

[238]
Underfull \vbox (badness 10000) has occurred while \output is active []

 [239]
File: Figures/VolumeI/Chapter19/在旋转台上作径向移动的一个点的三个连续位置.pdf Graphic file (type pd
f)
<use Figures/VolumeI/Chapter19/在旋转台上作径向移动的一个点的三个连续位置.pdf>
)
Underfull \vbox (badness 10000) has occurred while \output is active []

 [240]
[241]
\openout2 = `./Chapters/VolumeI/Chapter20.aux'.

 (./Chapters/VolumeI/Chapter20.tex [242




]
第二十章
[243]
File: Figures/VolumeI/Chapter20/字母互换.pdf Graphic file (type pdf)
<use Figures/VolumeI/Chapter20/字母互换.pdf>
 [244]
Underfull \vbox (badness 10000) has occurred while \output is active []

 [245]
Underfull \vbox (badness 5924) has occurred while \output is active []

 [246]
Underfull \vbox (badness 2158) has occurred while \output is active []

 [247]
File: Figures/VolumeI/Chapter20/起先：轴是水平的.pdf Graphic file (type pdf)
<use Figures/VolumeI/Chapter20/起先：轴是水平的.pdf>

[248]
File: Figures/VolumeI/Chapter20/回转仪.pdf Graphic file (type pdf)
<use Figures/VolumeI/Chapter20/回转仪.pdf>
File: Figures/VolumeI/Chapter20/一个快速旋转的陀螺.pdf Graphic file (type pdf)
<use Figures/VolumeI/Chapter20/一个快速旋转的陀螺.pdf>
 [249]
File: Figures/VolumeI/Chapter20/当图20.2的自旋轮子的轴在转动时.pdf Graphic file (type pdf)
<use Figures/VolumeI/Chapter20/当图20.2的自旋轮子的轴在转动时.pdf>

Underfull \vbox (badness 4940) has occurred while \output is active []

 [250]
File: Figures/VolumeI/Chapter20/原来被紧紧抓住的回转器刚刚放开之后.pdf Graphic file (type pdf)
<use Figures/VolumeI/Chapter20/原来被紧紧抓住的回转器刚刚放开之后.pdf>

[251]
File: Figures/VolumeI/Chapter20/一个转动物体的角动量并不一定平行于角速度.pdf Graphic file (type pdf
)
<use Figures/VolumeI/Chapter20/一个转动物体的角动量并不一定平行于角速度.pdf>
File: Figures/VolumeI/Chapter20/一个刚体的角速度和角动量.pdf Graphic file (type pdf)
<use Figures/VolumeI/Chapter20/一个刚体的角速度和角动量.pdf>
) [252]
\openout2 = `./Chapters/VolumeI/Chapter21.aux'.

 (./Chapters/VolumeI/Chapter21.tex
第二十一章

Underfull \vbox (badness 10000) has occurred while \output is active []

 [253




]
File: Figures/VolumeI/Chapter21/挂在弹簧上的物体.pdf Graphic file (type pdf)
<use Figures/VolumeI/Chapter21/挂在弹簧上的物体.pdf>

[254]
Underfull \vbox (badness 2671) has occurred while \output is active []

 [255]
[256]
File: Figures/VolumeI/Chapter21/以恒速在一圆形轨道上运动的粒子.pdf Graphic file (type pdf)
<use Figures/VolumeI/Chapter21/以恒速在一圆形轨道上运动的粒子.pdf>
File: Figures/VolumeI/Chapter21/演示简谐运动和匀速圆周运动之间等同性的实验.pdf Graphic file (type pd
f)
<use Figures/VolumeI/Chapter21/演示简谐运动和匀速圆周运动之间等同性的实验.pdf>
 [257]
Underfull \vbox (badness 10000) has occurred while \output is active []

 [258]
[259]) [260]
\openout2 = `./Chapters/VolumeI/Chapter22.aux'.

 (./Chapters/VolumeI/Chapter22.tex
第二十二章
[261




] [262] [263] [264] [265]
File: Figures/VolumeI/Chapter22/Table/10的逐次平方根.pdf Graphic file (type pdf)
<use Figures/VolumeI/Chapter22/Table/10的逐次平方根.pdf>
 [266]
File: Figures/VolumeI/Chapter22/Table/对数的计算.pdf Graphic file (type pdf)
<use Figures/VolumeI/Chapter22/Table/对数的计算.pdf>
 [267] [268]
Underfull \vbox (badness 10000) has occurred while \output is active []

 [269]
File: Figures/VolumeI/Chapter22/Table/i的逐次平方根.pdf Graphic file (type pdf)
<use Figures/VolumeI/Chapter22/Table/i的逐次平方根.pdf>

Underfull \vbox (badness 10000) has occurred while \output is active []

 [270]
File: Figures/VolumeI/Chapter22/22-1.pdf Graphic file (type pdf)
<use Figures/VolumeI/Chapter22/22-1.pdf>

[271]
File: Figures/VolumeI/Chapter22/Table/i的逐次幂.pdf Graphic file (type pdf)
<use Figures/VolumeI/Chapter22/Table/i的逐次幂.pdf>
 [272]
File: Figures/VolumeI/Chapter22/x+iy=re.pdf Graphic file (type pdf)
<use Figures/VolumeI/Chapter22/x+iy=re.pdf>
) [273]
\openout2 = `./Chapters/VolumeI/Chapter23.aux'.

 (./Chapters/VolumeI/Chapter23.tex [274




]
第二十三章
File: Figures/VolumeI/Chapter23/一个复数可以用“复平面”上的一个点来表示.pdf Graphic file (type pdf
)
<use Figures/VolumeI/Chapter23/一个复数可以用“复平面”上的一个点来表示.pdf>

Underfull \vbox (badness 1158) has occurred while \output is active []

 [275]
[276] [277]
Underfull \vbox (badness 10000) has occurred while \output is active []

 [278]
File: Figures/VolumeI/Chapter23/rho^2对omega关系图.pdf Graphic file (type pdf)
<use Figures/VolumeI/Chapter23/rho^2对omega关系图.pdf>
File: Figures/VolumeI/Chapter23/theta对omega关系图.pdf Graphic file (type pdf)
<use Figures/VolumeI/Chapter23/theta对omega关系图.pdf>

[279]
File: Figures/VolumeI/Chapter23/三个无源电路元件.pdf Graphic file (type pdf)
<use Figures/VolumeI/Chapter23/三个无源电路元件.pdf>
 [280]
Underfull \vbox (badness 6792) has occurred while \output is active []

 [281]
Underfull \vbox (badness 10000) has occurred while \output is active []

 [282]
File: Figures/VolumeI/Chapter23/大气层对外来激发的响应.pdf Graphic file (type pdf)
<use Figures/VolumeI/Chapter23/大气层对外来激发的响应.pdf>

[283]
File: Figures/VolumeI/Chapter23/通过一个薄氯化钠膜.pdf Graphic file (type pdf)
<use Figures/VolumeI/Chapter23/通过一个薄氯化钠膜.pdf>
File: Figures/VolumeI/Chapter23/在顺磁有机化合物中.pdf Graphic file (type pdf)
<use Figures/VolumeI/Chapter23/在顺磁有机化合物中.pdf>
 [284]
File: Figures/VolumeI/Chapter23/从Li原子中射出的.pdf Graphic file (type pdf)
<use Figures/VolumeI/Chapter23/从Li原子中射出的.pdf>
 [285]
File: Figures/VolumeI/Chapter23/（承穆斯堡尔博士同意提供）.pdf Graphic file (type pdf)
<use Figures/VolumeI/Chapter23/（承穆斯堡尔博士同意提供）.pdf>
File: Figures/VolumeI/Chapter23/动量与反应截面的依赖关系.pdf Graphic file (type pdf)
<use Figures/VolumeI/Chapter23/动量与反应截面的依赖关系.pdf>
) [286]
\openout2 = `./Chapters/VolumeI/Chapter24.aux'.

 (./Chapters/VolumeI/Chapter24.tex
第二十四章

Underfull \vbox (badness 4303) has occurred while \output is active []

 [287




]
Underfull \vbox (badness 10000) has occurred while \output is active []

 [288]
[289]
File: Figures/VolumeI/Chapter24/一个阻尼余弦振动.pdf Graphic file (type pdf)
<use Figures/VolumeI/Chapter24/一个阻尼余弦振动.pdf>

Underfull \vbox (badness 10000) has occurred while \output is active []

 [290]
Underfull \vbox (badness 10000) has occurred while \output is active []

 [291]
File: Figures/VolumeI/Chapter24/演示瞬变态的电路.pdf Graphic file (type pdf)
<use Figures/VolumeI/Chapter24/演示瞬变态的电路.pdf>
File: Figures/VolumeI/Chapter24/24-3.pdf Graphic file (type pdf)
<use Figures/VolumeI/Chapter24/24-3.pdf>
File: Figures/VolumeI/Chapter24/24-4.pdf Graphic file (type pdf)
<use Figures/VolumeI/Chapter24/24-4.pdf>
File: Figures/VolumeI/Chapter24/24-5.pdf Graphic file (type pdf)
<use Figures/VolumeI/Chapter24/24-5.pdf>
File: Figures/VolumeI/Chapter24/24-6.pdf Graphic file (type pdf)
<use Figures/VolumeI/Chapter24/24-6.pdf>

[292]
Underfull \vbox (badness 4316) has occurred while \output is active []

 [293])
[294]
\openout2 = `./Chapters/VolumeI/Chapter25.aux'.

 (./Chapters/VolumeI/Chapter25.tex
第二十五章
[295




] [296]
File: Figures/VolumeI/Chapter25/线性系统叠加的一个例子.pdf Graphic file (type pdf)
<use Figures/VolumeI/Chapter25/线性系统叠加的一个例子.pdf>
 [297]
File: Figures/VolumeI/Chapter25/静电学中的叠加原理.pdf Graphic file (type pdf)
<use Figures/VolumeI/Chapter25/静电学中的叠加原理.pdf>
File: Figures/VolumeI/Chapter25/尖锐的谐曲线.pdf Graphic file (type pdf)
<use Figures/VolumeI/Chapter25/尖锐的谐曲线.pdf>
 [298]
File: Figures/VolumeI/Chapter25/一个复杂的力可以当作一连串强烈的冲击力来处理.pdf Graphic file (type p
df)
<use Figures/VolumeI/Chapter25/一个复杂的力可以当作一连串强烈的冲击力来处理.pdf>
 [299] [300]
File: Figures/VolumeI/Chapter25/对应不同摩擦力的共振曲线.pdf Graphic file (type pdf)
<use Figures/VolumeI/Chapter25/对应不同摩擦力的共振曲线.pdf>

Underfull \vbox (badness 4940) has occurred while \output is active []

 [301]
[302]
Underfull \vbox (badness 7081) has occurred while \output is active []

 [303]
File: Figures/VolumeI/Chapter25/两个阻抗的串联和并联.pdf Graphic file (type pdf)
<use Figures/VolumeI/Chapter25/两个阻抗的串联和并联.pdf>

[304]) [305]
\openout2 = `./Chapters/VolumeI/Chapter26.aux'.

 (./Chapters/VolumeI/Chapter26.tex [306




]
第二十六章
[307] [308]
File: Figures/VolumeI/Chapter26/入射角等于反射角.pdf Graphic file (type pdf)
<use Figures/VolumeI/Chapter26/入射角等于反射角.pdf>
File: Figures/VolumeI/Chapter26/当光从一种介质进入另一种介质时发生折射.pdf Graphic file (type pdf)

<use Figures/VolumeI/Chapter26/当光从一种介质进入另一种介质时发生折射.pdf>
 [309]
File: Figures/VolumeI/Chapter26/最短时间原理的说明.pdf Graphic file (type pdf)
<use Figures/VolumeI/Chapter26/最短时间原理的说明.pdf>
 [310] [311]
File: Figures/VolumeI/Chapter26/费马原理对折射的说明.pdf Graphic file (type pdf)
<use Figures/VolumeI/Chapter26/费马原理对折射的说明.pdf>
File: Figures/VolumeI/Chapter26/C点相应于最短时间，但其附近各点相应于几乎与之相同的时间.pdf Graphic file (
type pdf)
<use Figures/VolumeI/Chapter26/C点相应于最短时间，但其附近各点相应于几乎与之相同的时间.pdf>
File: Figures/VolumeI/Chapter26/当一束光通过一块透明版时，它被偏移了.pdf Graphic file (type pdf)
<use Figures/VolumeI/Chapter26/当一束光通过一块透明版时，它被偏移了.pdf>
File: Figures/VolumeI/Chapter26/地平线附件，表观太阳比真实太阳高出约.pdf Graphic file (type pdf)
<use Figures/VolumeI/Chapter26/地平线附件，表观太阳比真实太阳高出约.pdf>
 [312]
File: Figures/VolumeI/Chapter26/海市蜃楼现象.pdf Graphic file (type pdf)
<use Figures/VolumeI/Chapter26/海市蜃楼现象.pdf>
File: Figures/VolumeI/Chapter26/光学“暗箱”.pdf Graphic file (type pdf)
<use Figures/VolumeI/Chapter26/光学“暗箱”.pdf>
 [313]
File: Figures/VolumeI/Chapter26/一种光学聚焦系统.pdf Graphic file (type pdf)
<use Figures/VolumeI/Chapter26/一种光学聚焦系统.pdf>
File: Figures/VolumeI/Chapter26/椭球面镜.pdf Graphic file (type pdf)
<use Figures/VolumeI/Chapter26/椭球面镜.pdf>
File: Figures/VolumeI/Chapter26/抛物面镜.pdf Graphic file (type pdf)
<use Figures/VolumeI/Chapter26/抛物面镜.pdf>
 [314] [315]
File: Figures/VolumeI/Chapter26/无线电波通过一个狭缝.pdf Graphic file (type pdf)
<use Figures/VolumeI/Chapter26/无线电波通过一个狭缝.pdf>
 [316]
File: Figures/VolumeI/Chapter26/许多邻近路径的概率振幅总和.pdf Graphic file (type pdf)
<use Figures/VolumeI/Chapter26/许多邻近路径的概率振幅总和.pdf>
) [317] [318]
\openout2 = `./Chapters/VolumeI/Chapter27.aux'.


(./Chapters/VolumeI/Chapter27.tex
第二十七章
File: Figures/VolumeI/Chapter27/27-1.pdf Graphic file (type pdf)
<use Figures/VolumeI/Chapter27/27-1.pdf>

Underfull \vbox (badness 10000) has occurred while \output is active []

 [319




]
File: Figures/VolumeI/Chapter27/单折射面聚焦.pdf Graphic file (type pdf)
<use Figures/VolumeI/Chapter27/单折射面聚焦.pdf>

[320]
Underfull \vbox (badness 5475) has occurred while \output is active []

 [321]
File: Figures/VolumeI/Chapter27/虚像.pdf Graphic file (type pdf)
<use Figures/VolumeI/Chapter27/虚像.pdf>
File: Figures/VolumeI/Chapter27/一平面把发自O'的光重新成像为O.pdf Graphic file (type pdf)
<use Figures/VolumeI/Chapter27/一平面把发自O'的光重新成像为O.pdf>

[322]
File: Figures/VolumeI/Chapter27/双面透镜成像.pdf Graphic file (type pdf)
<use Figures/VolumeI/Chapter27/双面透镜成像.pdf>
File: Figures/VolumeI/Chapter27/两个曲率半径都为正的薄透镜.pdf Graphic file (type pdf)
<use Figures/VolumeI/Chapter27/两个曲率半径都为正的薄透镜.pdf>
 [323]
File: Figures/VolumeI/Chapter27/薄透镜成像的几何图.pdf Graphic file (type pdf)
<use Figures/VolumeI/Chapter27/薄透镜成像的几何图.pdf>

Underfull \vbox (badness 10000) has occurred while \output is active []

 [324]
[325]
File: Figures/VolumeI/Chapter27/光学系统主平面示意图.pdf Graphic file (type pdf)
<use Figures/VolumeI/Chapter27/光学系统主平面示意图.pdf>
 [326] [327]
File: Figures/VolumeI/Chapter27/光学系统的分辨本领.pdf Graphic file (type pdf)
<use Figures/VolumeI/Chapter27/光学系统的分辨本领.pdf>
) [328]
\openout2 = `./Chapters/VolumeI/Chapter28.aux'.

 (./Chapters/VolumeI/Chapter28.tex
第二十八章
[329




] [330] [331] [332]
File: Figures/VolumeI/Chapter28/高频信号发生器激励两根导线上的电荷上下运动.pdf Graphic file (type pd
f)
<use Figures/VolumeI/Chapter28/高频信号发生器激励两根导线上的电荷上下运动.pdf>
 [333]
File: Figures/VolumeI/Chapter28/位于球心作线性振动的电荷在球面上的瞬时电场.pdf Graphic file (type pd
f)
<use Figures/VolumeI/Chapter28/位于球心作线性振动的电荷在球面上的瞬时电场.pdf>
 [334]
File: Figures/VolumeI/Chapter28/两个源的干涉的示意图.pdf Graphic file (type pdf)
<use Figures/VolumeI/Chapter28/两个源的干涉的示意图.pdf>
File: Figures/VolumeI/Chapter28/两个源叠加时的矢量特征示意图.pdf Graphic file (type pdf)
<use Figures/VolumeI/Chapter28/两个源叠加时的矢量特征示意图.pdf>
 [335]) [336]
\openout2 = `./Chapters/VolumeI/Chapter29.aux'.


(./Chapters/VolumeI/Chapter29.tex
第二十九章
File: Figures/VolumeI/Chapter29/由推迟加速度为a'的正电荷产生的电场E.pdf Graphic file (type pdf)

<use Figures/VolumeI/Chapter29/由推迟加速度为a'的正电荷产生的电场E.pdf>
File: Figures/VolumeI/Chapter29/某电荷的加速度与时间的关系.pdf Graphic file (type pdf)
<use Figures/VolumeI/Chapter29/某电荷的加速度与时间的关系.pdf>
File: Figures/VolumeI/Chapter29/下一时刻的电场与位置的关系.pdf Graphic file (type pdf)
<use Figures/VolumeI/Chapter29/下一时刻的电场与位置的关系.pdf>
[337




]
File: Figures/VolumeI/Chapter29/包含在角锥OABCD中的能流与测量的距离r无关.pdf Graphic file (type 
pdf)
<use Figures/VolumeI/Chapter29/包含在角锥OABCD中的能流与测量的距离r无关.pdf>
 [338] [339]
File: Figures/VolumeI/Chapter29/来自相聚半个波长的两个偶极振子的场在不同方向上的强度.pdf Graphic file (ty
pe pdf)
<use Figures/VolumeI/Chapter29/来自相聚半个波长的两个偶极振子的场在不同方向上的强度.pdf>
 [340]
File: Figures/VolumeI/Chapter29/向一个方向输送最大功率的一对偶极子天线.pdf Graphic file (type pdf)

<use Figures/VolumeI/Chapter29/向一个方向输送最大功率的一对偶极子天线.pdf>
File: Figures/VolumeI/Chapter29/两个相聚10.pdf Graphic file (type pdf)
<use Figures/VolumeI/Chapter29/两个相聚10.pdf>
 [341]
File: Figures/VolumeI/Chapter29/六个偶极子天线装置和它的强度分布图的一部分.pdf Graphic file (type pd
f)
<use Figures/VolumeI/Chapter29/六个偶极子天线装置和它的强度分布图的一部分.pdf>
 [342]
Underfull \vbox (badness 1783) has occurred while \output is active []

 [343]
File: Figures/VolumeI/Chapter29/合成两个余弦波的几何方法.pdf Graphic file (type pdf)
<use Figures/VolumeI/Chapter29/合成两个余弦波的几何方法.pdf>

Underfull \vbox (badness 10000) has occurred while \output is active []

 [344]
File: Figures/VolumeI/Chapter29/两个振幅相等、相互间有.pdf Graphic file (type pdf)
<use Figures/VolumeI/Chapter29/两个振幅相等、相互间有.pdf>

[345]) [346]
\openout2 = `./Chapters/VolumeI/Chapter30.aux'.

 (./Chapters/VolumeI/Chapter30.tex
第三十章
File: Figures/VolumeI/Chapter30/n=6的等间距、相继净相位差为.pdf Graphic file (type pdf)
<use Figures/VolumeI/Chapter30/n=6的等间距、相继净相位差为.pdf>

Underfull \vbox (badness 2189) has occurred while \output is active []

 [347




]
File: Figures/VolumeI/Chapter30/大量等幅度振子的总强度与相角的函数关系.pdf Graphic file (type pdf)

<use Figures/VolumeI/Chapter30/大量等幅度振子的总强度与相角的函数关系.pdf>
File: Figures/VolumeI/Chapter30/以相角.pdf Graphic file (type pdf)
<use Figures/VolumeI/Chapter30/以相角.pdf>

[348] [349] [350]
File: Figures/VolumeI/Chapter30/从光栅上相邻划线散射的光线的程差是.pdf Graphic file (type pdf)
<use Figures/VolumeI/Chapter30/从光栅上相邻划线散射的光线的程差是.pdf>

Underfull \vbox (badness 4647) has occurred while \output is active []

 [351]
File: Figures/VolumeI/Chapter30/连续排列的振子的强度花样有一个单一的极大值和许多微弱的“边瓣”.pdf Graphic fil
e (type pdf)
<use Figures/VolumeI/Chapter30/连续排列的振子的强度花样有一个单一的极大值和许多微弱的“边瓣”.pdf>

[352]
File: Figures/VolumeI/Chapter30/瑞利判据的说明。一个花样的极大值落在另一个花样的第一极小值上.pdf Graphic file
 (type pdf)
<use Figures/VolumeI/Chapter30/瑞利判据的说明。一个花样的极大值落在另一个花样的第一极小值上.pdf>
 [353] [354]
Underfull \vbox (badness 1062) has occurred while \output is active []

 [355]
File: Figures/VolumeI/Chapter30/远处光源将一不透明物的影子投射于屏上.pdf Graphic file (type pdf)
<use Figures/VolumeI/Chapter30/远处光源将一不透明物的影子投射于屏上.pdf>
File: Figures/VolumeI/Chapter30/相位延迟与离上图D点的距离平方成正比的许多同相振子振幅的叠加.pdf Graphic file
 (type pdf)
<use Figures/VolumeI/Chapter30/相位延迟与离上图D点的距离平方成正比的许多同相振子振幅的叠加.pdf>
File: Figures/VolumeI/Chapter30/影子边缘附近的光强、几何阴影边缘在x0.pdf Graphic file (type pdf)

<use Figures/VolumeI/Chapter30/影子边缘附近的光强、几何阴影边缘在x0.pdf>

[356]
File: Figures/VolumeI/Chapter30/振荡电荷面的辐射场.pdf Graphic file (type pdf)
<use Figures/VolumeI/Chapter30/振荡电荷面的辐射场.pdf>
 [357]
Underfull \vbox (badness 10000) has occurred while \output is active []

 [358]
File: Figures/VolumeI/Chapter30/e的图解.pdf Graphic file (type pdf)
<use Figures/VolumeI/Chapter30/e的图解.pdf>
File: Figures/VolumeI/Chapter30/ne的图解.pdf Graphic file (type pdf)
<use Figures/VolumeI/Chapter30/ne的图解.pdf>

Underfull \vbox (badness 5231) has occurred while \output is active []

 [359])
[360]
\openout2 = `./Chapters/VolumeI/Chapter31.aux'.

 (./Chapters/VolumeI/Chapter31.tex
第三十一章
File: Figures/VolumeI/Chapter31/通过一层透明物质的电波.pdf Graphic file (type pdf)
<use Figures/VolumeI/Chapter31/通过一层透明物质的电波.pdf>
[361




]
File: Figures/VolumeI/Chapter31/折射与速度改变之间的关系.pdf Graphic file (type pdf)
<use Figures/VolumeI/Chapter31/折射与速度改变之间的关系.pdf>
 [362]
Underfull \vbox (badness 1077) has occurred while \output is active []

 [363]
File: Figures/VolumeI/Chapter31/在某一特定的t和z时的透射波复矢量图.pdf Graphic file (type pdf)
<use Figures/VolumeI/Chapter31/在某一特定的t和z时的透射波复矢量图.pdf>

[364]
Underfull \vbox (badness 7504) has occurred while \output is active []

 [365]
Overfull \hbox (4.8477pt too wide) in paragraph at lines 168--170
\TU/SimSun(0)/m/n/12 正 如 我 们 所 期 望 的，|  电 子 的 受 迫 运 动 产 生 了 一 个 额 外 的 向 右 传 播 的
 波  |（这 就 是 因 子 $\OML/cmm/m/it/12 e[]$
 []


Underfull \vbox (badness 10000) has occurred while \output is active []

 [366]
[367]
File: Figures/VolumeI/Chapter31/波“信号”.pdf Graphic file (type pdf)
<use Figures/VolumeI/Chapter31/波“信号”.pdf>

Underfull \vbox (badness 10000) has occurred while \output is active []

 [368]
File: Figures/VolumeI/Chapter31/折射率与频率的关系.pdf Graphic file (type pdf)
<use Figures/VolumeI/Chapter31/折射率与频率的关系.pdf>

[369] [370]
Underfull \vbox (badness 10000) has occurred while \output is active []

 [371]
File: Figures/VolumeI/Chapter31/屏的衍射.pdf Graphic file (type pdf)
<use Figures/VolumeI/Chapter31/屏的衍射.pdf>

[372]) [373]
\openout2 = `./Chapters/VolumeI/Chapter32.aux'.

 (./Chapters/VolumeI/Chapter32.tex [374




]
第三十二章
[375]
File: Figures/VolumeI/Chapter32/球截形的侧面积为.pdf Graphic file (type pdf)
<use Figures/VolumeI/Chapter32/球截形的侧面积为.pdf>
 [376]
Underfull \vbox (badness 10000) has occurred while \output is active []

 [377]
[378] [379] [380]
File: Figures/VolumeI/Chapter32/一束光射在原子上引起原子中的电荷（电子）运动。此运动电子接着又在各个方向上辐射光.pdf Gr
aphic file (type pdf)
<use Figures/VolumeI/Chapter32/一束光射在原子上引起原子中的电荷（电子）运动。此运动电子接着又在各个方向上辐射光.pdf>

Underfull \hbox (badness 1189) in paragraph at lines 154--155
[]\TU/SimSun(0)/m/n/12 如 果 在 原 子 所 在 处，|  入 射 光 束 的 电 场 $[] \OT1/cmr/m/n/12 =
 []

[381] [382]
File: Figures/VolumeI/Chapter32/说明垂直于入射光束方向上散射的光的偏振化起因的图.pdf Graphic file (type
 pdf)
<use Figures/VolumeI/Chapter32/说明垂直于入射光束方向上散射的光的偏振化起因的图.pdf>

Underfull \vbox (badness 10000) has occurred while \output is active []

 [383])
[384]
\openout2 = `./Chapters/VolumeI/Chapter33.aux'.

 (./Chapters/VolumeI/Chapter33.tex
第三十三章
File: Figures/VolumeI/Chapter33/同相位的x振动与y振动的合成.pdf Graphic file (type pdf)
<use Figures/VolumeI/Chapter33/同相位的x振动与y振动的合成.pdf>
[385




]
File: Figures/VolumeI/Chapter33/等振幅而相对相位不同的x振动与y振动的叠加。Ex与Ey两个分量用实数与复数两种符号表示.pdf
 Graphic file (type pdf)
<use Figures/VolumeI/Chapter33/等振幅而相对相位不同的x振动与y振动的叠加。Ex与Ey两个分量用实数与复数两种符号表示.pdf>

 [386]
Overfull \hbox (4.17046pt too wide) in paragraph at lines 27--28
[]\TU/SimSun(0)/m/n/12 现 在 讲 一 些 术 语。|  电 场 沿 直 线 振 动 的 光 叫 做 线 偏 振 光  |（有 时 称 
为 平 面 偏 振 光） ；|  图[][]\TU/TimesNewRoman(0)/b/n/12 33.1[][]\TU/SimSun(0)/m/n/12 
即
 []


Underfull \vbox (badness 10000) has occurred while \output is active []

 [387]
File: Figures/VolumeI/Chapter33/玻璃纸双折射性的实验演示。光的电矢量用虚线表示。偏振片的通过轴与玻璃纸的光轴用箭头表示。入射光
束是非偏振光.pdf Graphic file (type pdf)
<use Figures/VolumeI/Chapter33/玻璃纸双折射性的实验演示。光的电矢量用虚线表示。偏振片的通过轴与玻璃纸的光轴用箭头表示。入射光束
是非偏振光.pdf>

[388] [389]
File: Figures/VolumeI/Chapter33/在布儒斯特角下线偏振光的反射。虚线箭头表示偏振方向；圆点表示偏振方向垂直纸面.pdf Grap
hic file (type pdf)
<use Figures/VolumeI/Chapter33/在布儒斯特角下线偏振光的反射。虚线箭头表示偏振方向；圆点表示偏振方向垂直纸面.pdf>
 [390]
File: Figures/VolumeI/Chapter33/一个不具有镜像对称性形状的分子。一束沿y方向偏振的光照射在该分子上.pdf Graphic f
ile (type pdf)
<use Figures/VolumeI/Chapter33/一个不具有镜像对称性形状的分子。一束沿y方向偏振的光照射在该分子上.pdf>
 [391]
File: Figures/VolumeI/Chapter33/振幅为1的入射波在玻璃表面的反射与折射。.pdf Graphic file (type pdf
)
<use Figures/VolumeI/Chapter33/振幅为1的入射波在玻璃表面的反射与折射。.pdf>
 [392] [393]
File: Figures/VolumeI/Chapter33/上图表示通过双折射晶体的寻常光线路径。非常光线路径画于下图中。光轴位于纸面上.pdf Grap
hic file (type pdf)
<use Figures/VolumeI/Chapter33/上图表示通过双折射晶体的寻常光线路径。非常光线路径画于下图中。光轴位于纸面上.pdf>
 [394]
File: Figures/VolumeI/Chapter33/两个反向旋转的等幅矢量相加产生一方向固定但幅度振荡的矢量.pdf Graphic file (
type pdf)
<use Figures/VolumeI/Chapter33/两个反向旋转的等幅矢量相加产生一方向固定但幅度振荡的矢量.pdf>
File: Figures/VolumeI/Chapter33/作为对圆偏振光的响应，电荷沿圆周运动.pdf Graphic file (type pdf)
<use Figures/VolumeI/Chapter33/作为对圆偏振光的响应，电荷沿圆周运动.pdf>
 [395]) [396]
\openout2 = `./Chapters/VolumeI/Chapter34.aux'.


(./Chapters/VolumeI/Chapter34.tex
第三十四章
File: Figures/VolumeI/Chapter34/运动电荷的路径。在时刻τ电荷的真正位置在T，但其推迟位置在A.pdf Graphic file
 (type pdf)
<use Figures/VolumeI/Chapter34/运动电荷的路径。在时刻τ电荷的真正位置在T，但其推迟位置在A.pdf>
[397




]
Underfull \vbox (badness 10000) has occurred while \output is active []

 [398]
File: Figures/VolumeI/Chapter34/由方程式（34.5）求x′（t）的几何解法.pdf Graphic file (type pd
f)
<use Figures/VolumeI/Chapter34/由方程式（34.5）求x′（t）的几何解法.pdf>

[399]
File: Figures/VolumeI/Chapter34/以恒定速率v=0.94c沿圆周运动的质点的x′（t）曲线.pdf Graphic file (
type pdf)
<use Figures/VolumeI/Chapter34/以恒定速率v=0.94c沿圆周运动的质点的x′（t）曲线.pdf>
File: Figures/VolumeI/Chapter34/带电粒子在均匀磁场中沿圆周（或螺旋线）运动.pdf Graphic file (type pd
f)
<use Figures/VolumeI/Chapter34/带电粒子在均匀磁场中沿圆周（或螺旋线）运动.pdf>
 [400]
Underfull \vbox (badness 3679) has occurred while \output is active []

 [401]
File: Figures/VolumeI/Chapter34/单个尖脉冲光打在光栅上，沿各不同方向散射为不同颜色的光.pdf Graphic file (t
ype pdf)
<use Figures/VolumeI/Chapter34/单个尖脉冲光打在光栅上，沿各不同方向散射为不同颜色的光.pdf>
File: Figures/VolumeI/Chapter34/由一系列（a）尖脉冲和（b）平坦脉冲所造成的总电场.pdf Graphic file (typ
e pdf)
<use Figures/VolumeI/Chapter34/由一系列（a）尖脉冲和（b）平坦脉冲所造成的总电场.pdf>
File: Figures/VolumeI/Chapter34/蟹状星云的全色照片（不用滤色片）.png Graphic file (type bmp)
<Figures/VolumeI/Chapter34/蟹状星云的全色照片（不用滤色片）.png>

Underfull \vbox (badness 1354) has occurred while \output is active []

 [402]
File: Figures/VolumeI/Chapter34/通过蓝滤色片和偏振片所拍摄的蟹状星云照片.pdf Graphic file (type pdf
)
<use Figures/VolumeI/Chapter34/通过蓝滤色片和偏振片所拍摄的蟹状星云照片.pdf>

[403]
File: Figures/VolumeI/Chapter34/高速电子在核附近通过时，沿其运动方向辐射能量.pdf Graphic file (type p
df)
<use Figures/VolumeI/Chapter34/高速电子在核附近通过时，沿其运动方向辐射能量.pdf>
File: Figures/VolumeI/Chapter34/运动振子的x-z与x′-t曲线.pdf Graphic file (type pdf)
<use Figures/VolumeI/Chapter34/运动振子的x-z与x′-t曲线.pdf>
 [404] [405]
Underfull \vbox (badness 10000) has occurred while \output is active []

 [406]
File: Figures/VolumeI/Chapter34/沿倾斜方向传播的平面波.pdf Graphic file (type pdf)
<use Figures/VolumeI/Chapter34/沿倾斜方向传播的平面波.pdf>

[407]
File: Figures/VolumeI/Chapter34/用（a）固定不动的望远镜和（b）横向运动的望远镜观察远处的光源S.pdf Graphic fi
le (type pdf)
<use Figures/VolumeI/Chapter34/用（a）固定不动的望远镜和（b）横向运动的望远镜观察远处的光源S.pdf>
 [408]
File: Figures/VolumeI/Chapter34/作用在受电场驱动的电荷上的磁力沿着光束方向.pdf Graphic file (type pd
f)
<use Figures/VolumeI/Chapter34/作用在受电场驱动的电荷上的磁力沿着光束方向.pdf>
 [409]) [410] [411]
\openout2 = `./Chapters/VolumeI/Chapter35.aux'.

 (./Chapters/VolumeI/Chapter35.tex [412




]
第三十五章
File: Figures/VolumeI/Chapter35/眼睛.pdf Graphic file (type pdf)
<use Figures/VolumeI/Chapter35/眼睛.pdf>
[413]
File: Figures/VolumeI/Chapter35/视网膜的结构（光从下面进入）.pdf Graphic file (type pdf)
<use Figures/VolumeI/Chapter35/视网膜的结构（光从下面进入）.pdf>
 [414]
File: Figures/VolumeI/Chapter35/眼睛的光谱灵敏度。虚线——视杆细胞；实线——视锥细胞.pdf Graphic file (ty
pe pdf)
<use Figures/VolumeI/Chapter35/眼睛的光谱灵敏度。虚线——视杆细胞；实线——视锥细胞.pdf>
 [415] [416]
Underfull \vbox (badness 4647) has occurred while \output is active []

 [417]
[418] [419]
File: Figures/VolumeI/Chapter35/标准色品图.pdf Graphic file (type pdf)
<use Figures/VolumeI/Chapter35/标准色品图.pdf>
File: Figures/VolumeI/Chapter35/以某组标准原色表示的纯光谱色的色系数.pdf Graphic file (type pdf)
<use Figures/VolumeI/Chapter35/以某组标准原色表示的纯光谱色的色系数.pdf>
 [420] [421]
File: Figures/VolumeI/Chapter35/被患绿色盲的人搞混乱的颜色轨迹.pdf Graphic file (type pdf)
<use Figures/VolumeI/Chapter35/被患绿色盲的人搞混乱的颜色轨迹.pdf>
File: Figures/VolumeI/Chapter35/被患红色盲的人搞混乱的颜色轨迹.pdf Graphic file (type pdf)
<use Figures/VolumeI/Chapter35/被患红色盲的人搞混乱的颜色轨迹.pdf>
 [422]
File: Figures/VolumeI/Chapter35/正常三色者的接收器的光谱灵敏度曲线.pdf Graphic file (type pdf)
<use Figures/VolumeI/Chapter35/正常三色者的接收器的光谱灵敏度曲线.pdf>
File: Figures/VolumeI/Chapter35/暗适应眼睛的灵敏度曲线和视紫质的吸收曲线的比较.pdf Graphic file (type 
pdf)
<use Figures/VolumeI/Chapter35/暗适应眼睛的灵敏度曲线和视紫质的吸收曲线的比较.pdf>
 [423]
File: Figures/VolumeI/Chapter35/患红色盲的人的眼睛（方块）和正常眼睛（点）的色素吸收光谱.pdf Graphic file (
type pdf)
<use Figures/VolumeI/Chapter35/患红色盲的人的眼睛（方块）和正常眼睛（点）的色素吸收光谱.pdf>
 [424]

LaTeX Font Warning: Font shape `TU/TimesNewRoman(0)/m/it' undefined
(Font)              using `TU/TimesNewRoman(0)/m/sl' instead on input line 194.



LaTeX Font Warning: Font shape `TU/TimesNewRoman(0)/m/it' undefined
(Font)              using `TU/TimesNewRoman(0)/m/sl' instead on input line 196.



LaTeX Font Warning: Font shape `TU/TimesNewRoman(0)/m/it' undefined
(Font)              using `TU/TimesNewRoman(0)/m/sl' instead on input line 198.



LaTeX Font Warning: Font shape `TU/TimesNewRoman(0)/m/it' undefined
(Font)              using `TU/TimesNewRoman(0)/m/sl' instead on input line 200.



LaTeX Font Warning: Font shape `TU/TimesNewRoman(0)/m/it' undefined
(Font)              using `TU/TimesNewRoman(0)/m/sl' instead on input line 202.



LaTeX Font Warning: Font shape `TU/TimesNewRoman(0)/m/it' undefined
(Font)              using `TU/TimesNewRoman(0)/m/sl' instead on input line 204.


) [425]
\openout2 = `./Chapters/VolumeI/Chapter36.aux'.

 (./Chapters/VolumeI/Chapter36.tex [426




]
第三十六章
File: Figures/VolumeI/Chapter36/像上面这样的盘子转动时，两个较黑的“环”中只有一个呈现颜色。如果转动方向反过来，则在另一个环上
呈现颜色.pdf Graphic file (type pdf)
<use Figures/VolumeI/Chapter36/像上面这样的盘子转动时，两个较黑的“环”中只有一个呈现颜色。如果转动方向反过来，则在另一个环上呈
现颜色.pdf>
[427]
File: Figures/VolumeI/Chapter36/根据色视觉“拮抗”理论的神经连接.pdf Graphic file (type pdf)
<use Figures/VolumeI/Chapter36/根据色视觉“拮抗”理论的神经连接.pdf>

Underfull \vbox (badness 1337) has occurred while \output is active []

 [428]
[429]
File: Figures/VolumeI/Chapter36/眼睛的机械动作的神经内部连接.pdf Graphic file (type pdf)
<use Figures/VolumeI/Chapter36/眼睛的机械动作的神经内部连接.pdf>
File: Figures/VolumeI/Chapter36/眼睛到视皮层的神经连接.pdf Graphic file (type pdf)
<use Figures/VolumeI/Chapter36/眼睛到视皮层的神经连接.pdf>
 [430]
Underfull \vbox (badness 4765) has occurred while \output is active []

 [431]
[432] [433]
File: Figures/VolumeI/Chapter36/视杆细胞的电子显微镜图像.pdf Graphic file (type pdf)
<use Figures/VolumeI/Chapter36/视杆细胞的电子显微镜图像.pdf>
File: Figures/VolumeI/Chapter36/视黄醛的结构.pdf Graphic file (type pdf)
<use Figures/VolumeI/Chapter36/视黄醛的结构.pdf>
 [434]
File: Figures/VolumeI/Chapter36/小眼的构造（复眼中的一个单细胞）.pdf Graphic file (type pdf)
<use Figures/VolumeI/Chapter36/小眼的构造（复眼中的一个单细胞）.pdf>

Underfull \vbox (badness 10000) has occurred while \output is active []

 [435]
File: Figures/VolumeI/Chapter36/蜜蜂眼睛内小眼排列略图.pdf Graphic file (type pdf)
<use Figures/VolumeI/Chapter36/蜜蜂眼睛内小眼排列略图.pdf>
File: Figures/VolumeI/Chapter36/小眼的最佳大小为δm.pdf Graphic file (type pdf)
<use Figures/VolumeI/Chapter36/小眼的最佳大小为δm.pdf>

[436] [437]
File: Figures/VolumeI/Chapter36/章鱼的眼睛.pdf Graphic file (type pdf)
<use Figures/VolumeI/Chapter36/章鱼的眼睛.pdf>
File: Figures/VolumeI/Chapter36/鲎的复眼.pdf Graphic file (type pdf)
<use Figures/VolumeI/Chapter36/鲎的复眼.pdf>
 [438]
File: Figures/VolumeI/Chapter36/鲎的眼睛的神经纤维对于光线的反应.pdf Graphic file (type pdf)
<use Figures/VolumeI/Chapter36/鲎的眼睛的神经纤维对于光线的反应.pdf>
 [439]
File: Figures/VolumeI/Chapter36/鲎的小眼在突然改变照明的边界附近的净反应.pdf Graphic file (type pdf
)
<use Figures/VolumeI/Chapter36/鲎的小眼在突然改变照明的边界附近的净反应.pdf>
 [440]
File: Figures/VolumeI/Chapter36/青蛙的大脑覆盖层.pdf Graphic file (type pdf)
<use Figures/VolumeI/Chapter36/青蛙的大脑覆盖层.pdf>
 [441]

LaTeX Font Warning: Font shape `TU/TimesNewRoman(0)/m/it' undefined
(Font)              using `TU/TimesNewRoman(0)/m/sl' instead on input line 258.



LaTeX Font Warning: Font shape `TU/TimesNewRoman(0)/m/it' undefined
(Font)              using `TU/TimesNewRoman(0)/m/sl' instead on input line 260.



LaTeX Font Warning: Font shape `TU/TimesNewRoman(0)/m/it' undefined
(Font)              using `TU/TimesNewRoman(0)/m/sl' instead on input line 268.



LaTeX Font Warning: Font shape `TU/TimesNewRoman(0)/m/it' undefined
(Font)              using `TU/TimesNewRoman(0)/m/sl' instead on input line 270.


) [442]
\openout2 = `./Chapters/VolumeI/Chapter37.aux'.

 (./Chapters/VolumeI/Chapter37.tex
第三十七章
[443




]
File: Figures/VolumeI/Chapter37/子弹的干涉实验.pdf Graphic file (type pdf)
<use Figures/VolumeI/Chapter37/子弹的干涉实验.pdf>
 [444]
File: Figures/VolumeI/Chapter37/水波的干涉实验.pdf Graphic file (type pdf)
<use Figures/VolumeI/Chapter37/水波的干涉实验.pdf>

Underfull \vbox (badness 10000) has occurred while \output is active []

 [445]
[446]
File: Figures/VolumeI/Chapter37/电子的干涉实验.pdf Graphic file (type pdf)
<use Figures/VolumeI/Chapter37/电子的干涉实验.pdf>
 [447] [448] [449] [450]
File: Figures/VolumeI/Chapter37/另一个电子的实验.pdf Graphic file (type pdf)
<use Figures/VolumeI/Chapter37/另一个电子的实验.pdf>
 [451] [452]
File: Figures/VolumeI/Chapter37/子弹的干涉实验（a）真实的图样（概图）；（b）观测到的图样.pdf Graphic file 
(type pdf)
<use Figures/VolumeI/Chapter37/子弹的干涉实验（a）真实的图样（概图）；（b）观测到的图样.pdf>

Underfull \vbox (badness 10000) has occurred while \output is active []

 [453]
[454]
File: Figures/VolumeI/Chapter37/测出墙的反冲的实验.pdf Graphic file (type pdf)
<use Figures/VolumeI/Chapter37/测出墙的反冲的实验.pdf>
 [455]) [456]
\openout2 = `./Chapters/VolumeI/Chapter38.aux'.

 (./Chapters/VolumeI/Chapter38.tex
第三十八章
[457




]
File: Figures/VolumeI/Chapter38/长度为Δx的波包.pdf Graphic file (type pdf)
<use Figures/VolumeI/Chapter38/长度为Δx的波包.pdf>
File: Figures/VolumeI/Chapter38/粒子穿过狭缝的衍射.pdf Graphic file (type pdf)
<use Figures/VolumeI/Chapter38/粒子穿过狭缝的衍射.pdf>
 [458]
File: Figures/VolumeI/Chapter38/利用衍射光栅确定动量.pdf Graphic file (type pdf)
<use Figures/VolumeI/Chapter38/利用衍射光栅确定动量.pdf>

Underfull \vbox (badness 4647) has occurred while \output is active []

 [459]
Underfull \vbox (badness 10000) has occurred while \output is active []

 [460]
File: Figures/VolumeI/Chapter38/晶面对波的散射.pdf Graphic file (type pdf)
<use Figures/VolumeI/Chapter38/晶面对波的散射.pdf>

[461]
File: Figures/VolumeI/Chapter38/38-5.pdf Graphic file (type pdf)
<use Figures/VolumeI/Chapter38/38-5.pdf>
File: Figures/VolumeI/Chapter38/38-6.pdf Graphic file (type pdf)
<use Figures/VolumeI/Chapter38/38-6.pdf>
 [462]
File: Figures/VolumeI/Chapter38/反应堆中子通过石墨块的扩散.pdf Graphic file (type pdf)
<use Figures/VolumeI/Chapter38/反应堆中子通过石墨块的扩散.pdf>
File: Figures/VolumeI/Chapter38/从石墨棒出来的中子强度与波长的关系.pdf Graphic file (type pdf)
<use Figures/VolumeI/Chapter38/从石墨棒出来的中子强度与波长的关系.pdf>
 [463]
Underfull \vbox (badness 5970) has occurred while \output is active []

 [464]
File: Figures/VolumeI/Chapter38/原子的能级图（画出几种可能的跃迁）.pdf Graphic file (type pdf)
<use Figures/VolumeI/Chapter38/原子的能级图（画出几种可能的跃迁）.pdf>

[465] [466] [467]) [468]
\openout2 = `./Chapters/VolumeI/Chapter39.aux'.

 (./Chapters/VolumeI/Chapter39.tex
第三十九章
[469




] [470]
File: Figures/VolumeI/Chapter39/一个具有无摩擦活塞的容器中的气体原子.pdf Graphic file (type pdf)
<use Figures/VolumeI/Chapter39/一个具有无摩擦活塞的容器中的气体原子.pdf>

Underfull \vbox (badness 2310) has occurred while \output is active []

 [471]
Underfull \vbox (badness 1648) has occurred while \output is active []

 [472]
[473] [474]
Underfull \vbox (badness 10000) has occurred while \output is active []

 [475]
File: Figures/VolumeI/Chapter39/两种不同的单原子气体的原子被一可移动的活塞隔开.pdf Graphic file (type 
pdf)
<use Figures/VolumeI/Chapter39/两种不同的单原子气体的原子被一可移动的活塞隔开.pdf>

Underfull \vbox (badness 1178) has occurred while \output is active []

 [476]
File: Figures/VolumeI/Chapter39/从质心系来看两个不同分子间的碰撞.pdf Graphic file (type pdf)
<use Figures/VolumeI/Chapter39/从质心系来看两个不同分子间的碰撞.pdf>

[477]
File: Figures/VolumeI/Chapter39/两种气体在一个具有半透膜的容器中.pdf Graphic file (type pdf)
<use Figures/VolumeI/Chapter39/两种气体在一个具有半透膜的容器中.pdf>
 [478]
Underfull \vbox (badness 6445) has occurred while \output is active []

 [479]
[480]
Underfull \vbox (badness 10000) has occurred while \output is active []

 [481])
[482]
\openout2 = `./Chapters/VolumeI/Chapter40.aux'.

 (./Chapters/VolumeI/Chapter40.tex
第四十章
File: Figures/VolumeI/Chapter40/高度h处的压强必定超过高度h+dh处的压强，两者之差等于这两层间气体的重量.pdf Graph
ic file (type pdf)
<use Figures/VolumeI/Chapter40/高度h处的压强必定超过高度h+dh处的压强，两者之差等于这两层间气体的重量.pdf>
[483




]
File: Figures/VolumeI/Chapter40/温度恒定时，地球重力场中氧和氢的归一化密度与高度的关系.pdf Graphic file (t
ype pdf)
<use Figures/VolumeI/Chapter40/温度恒定时，地球重力场中氧和氢的归一化密度与高度的关系.pdf>

Underfull \vbox (badness 2556) has occurred while \output is active []

 [484]
[485]
File: Figures/VolumeI/Chapter40/两个分子的势能函数，势能只取决于两个分子之间的距离.pdf Graphic file (typ
e pdf)
<use Figures/VolumeI/Chapter40/两个分子的势能函数，势能只取决于两个分子之间的距离.pdf>
 [486]
File: Figures/VolumeI/Chapter40/只有那些具有足够速度的分子从h=0向上移动才能够到达h的高度.pdf Graphic file
 (type pdf)
<use Figures/VolumeI/Chapter40/只有那些具有足够速度的分子从h=0向上移动才能够到达h的高度.pdf>
 [487]
Underfull \vbox (badness 1859) has occurred while \output is active []

 [488]
File: Figures/VolumeI/Chapter40/速度分布函数。图中的阴影面积代表f（u）du，即速度在u附近du范围内的粒子数在总粒子数中所占
的分数.pdf Graphic file (type pdf)
<use Figures/VolumeI/Chapter40/速度分布函数。图中的阴影面积代表f（u）du，即速度在u附近du范围内的粒子数在总粒子数中所占的
分数.pdf>

Underfull \hbox (badness 3815) in paragraph at lines 142--144
\TU/SimSun(0)/m/n/12 定 的 速 度；|  没 有 一 个 分 子 的 速 度 正 好 是 每 秒
 []


Underfull \vbox (badness 10000) has occurred while \output is active []

 [489]
Underfull \hbox (badness 5345) in paragraph at lines 164--164
[][]\TU/SimSun(0)/m/n/10 为 了 计 算 这 个 积 分 的 数 值 令 $\OML/cmm/m/it/10 I \OT1/cmr/m
/n/10 = [][] \OML/cmm/m/it/10 e[]dx$\TU/SimSun(0)/m/n/10 ，|  则 $\OML/cmm/m/it/1
0 I[] \OT1/cmr/m/n/10 = [][] \OML/cmm/m/it/10 e[]dx [][] e[]dy \OT1/cmr/m/n/10 
=
 []


Overfull \hbox (4.90634pt too wide) in paragraph at lines 169--170
[]\TU/SimSun(0)/m/n/12 因 为 速 度 与 动 量 成 正 比，|  我 们 可 以 说 动 量 的 分 布 与 每 单 位 动 量 间
 隔 的 $\OML/cmm/m/it/12 exp\OT1/cmr/m/n/12 [\OMS/cmsy/m/n/12 ^^@\OT1/cmr/m/n/12 
([])\OML/cmm/m/it/12 =kT\OT1/cmr/m/n/12 ]$
 []


Overfull \hbox (1.5665pt too wide) in paragraph at lines 173--175
\TU/SimSun(0)/m/n/12 这 样，|  我 们 发 现 在 不 同 的 能 量  |（动 能 和 势 能）|  的 条 件 下，|  它 们 
的 概 率 都 可 用 $\OML/cmm/m/it/12 exp\OT1/cmr/m/n/12 [\OMS/cmsy/m/n/12 ^^@\OT1/cmr/
m/n/12 ([])\OML/cmm/m/it/12 =kT\OT1/cmr/m/n/12 ]$
 []


Underfull \vbox (badness 10000) has occurred while \output is active []

 [490]
[491]
File: Figures/VolumeI/Chapter40/氢与氧的γ实验值与温度的关系。经典理论预言γ=1.286，与温度无关.pdf Graphic 
file (type pdf)
<use Figures/VolumeI/Chapter40/氢与氧的γ实验值与温度的关系。经典理论预言γ=1.286，与温度无关.pdf>
 [492] [493])
Underfull \vbox (badness 10000) has occurred while \output is active []

 [494]
[495]
\openout2 = `./Chapters/VolumeI/Chapter41.aux'.

 (./Chapters/VolumeI/Chapter41.tex [496




]
第四十一章
[497]
File: Figures/VolumeI/Chapter41/（a）光束式灵敏电流计，来自光源L的光束经小镜反射后射至刻度尺上；（b）刻度的读数作为时间的函
数的记录图.pdf Graphic file (type pdf)
<use Figures/VolumeI/Chapter41/（a）光束式灵敏电流计，来自光源L的光束经小镜反射后射至刻度尺上；（b）刻度的读数作为时间的函数
的记录图.pdf>

Underfull \vbox (badness 7631) has occurred while \output is active []

 [498]
File: Figures/VolumeI/Chapter41/（a）实际的电路，温度为T；（b）人为的电路，具有一理想（无噪声）的电阻及一“噪声发生器”G.
pdf Graphic file (type pdf)
<use Figures/VolumeI/Chapter41/（a）实际的电路，温度为T；（b）人为的电路，具有一理想（无噪声）的电阻及一“噪声发生器”G.p
df>

Underfull \vbox (badness 4647) has occurred while \output is active []

 [499]
[500]
Underfull \vbox (badness 10000) has occurred while \output is active []

 [501]
File: Figures/VolumeI/Chapter41/式（41.10）被积函数的因式。图中的峰为谐振曲线.pdf Graphic file (typ
e pdf)
<use Figures/VolumeI/Chapter41/式（41.10）被积函数的因式。图中的峰为谐振曲线.pdf>

Underfull \vbox (badness 10000) has occurred while \output is active []

 [502]
File: Figures/VolumeI/Chapter41/在两种温度下，黑体辐射的强度分布。实线表示按照经典物理所给出的分布。虚线表示实际的分布.pdf
 Graphic file (type pdf)
<use Figures/VolumeI/Chapter41/在两种温度下，黑体辐射的强度分布。实线表示按照经典物理所给出的分布。虚线表示实际的分布.pdf>


[503]
File: Figures/VolumeI/Chapter41/谐振子的能级是等间距的.pdf Graphic file (type pdf)
<use Figures/VolumeI/Chapter41/谐振子的能级是等间距的.pdf>
 [504]
Underfull \vbox (badness 1009) has occurred while \output is active []

 [505]
File: Figures/VolumeI/Chapter41/36步每步长为l的无规行走。S36离B有多远？.pdf Graphic file (type 
pdf)
<use Figures/VolumeI/Chapter41/36步每步长为l的无规行走。S36离B有多远？.pdf>

[506] [507]
Underfull \vbox (badness 10000) has occurred while \output is active []

 [508])
[509]
\openout2 = `./Chapters/VolumeI/Chapter42.aux'.

 (./Chapters/VolumeI/Chapter42.tex [510




]
第四十二章
[511]
Underfull \vbox (badness 5490) has occurred while \output is active []

 [512]
Underfull \vbox (badness 10000) has occurred while \output is active []

 [513]
[514]
Underfull \vbox (badness 10000) has occurred while \output is active []

 [515]
Underfull \vbox (badness 1400) has occurred while \output is active []

 [516]
Underfull \vbox (badness 2680) has occurred while \output is active []

 [517]
File: Figures/VolumeI/Chapter42/化学反应A+B——AB的能量关系.pdf Graphic file (type pdf)
<use Figures/VolumeI/Chapter42/化学反应A+B——AB的能量关系.pdf>

[518]
Underfull \vbox (badness 10000) has occurred while \output is active []

 [519]
File: Figures/VolumeI/Chapter42/原子内两个能级间的跃迁.pdf Graphic file (type pdf)
<use Figures/VolumeI/Chapter42/原子内两个能级间的跃迁.pdf>

Underfull \hbox (badness 1521) in paragraph at lines 168--170
[]\TU/SimSun(0)/m/n/12 任 何 两 个 能 级，|  比 方 说 第 $\OML/cmm/m/it/12 m$ \TU/SimSun(0
)/m/n/12 个 与 第 $\OML/cmm/m/it/12 n$ \TU/SimSun(0)/m/n/12 个 能 级
 []


Underfull \vbox (badness 5622) has occurred while \output is active []

 [520]
[521]
File: Figures/VolumeI/Chapter42/如用蓝光将原子激发到较高的状态h，它可以发射一个光子使原子处于m态，m态的原子足够多时就开始产
生激光.pdf Graphic file (type pdf)
<use Figures/VolumeI/Chapter42/如用蓝光将原子激发到较高的状态h，它可以发射一个光子使原子处于m态，m态的原子足够多时就开始产生
激光.pdf>
) [522]
\openout2 = `./Chapters/VolumeI/Chapter43.aux'.

 (./Chapters/VolumeI/Chapter43.tex
第四十三章

Underfull \vbox (badness 3364) has occurred while \output is active []

 [523




]
Underfull \vbox (badness 7649) has occurred while \output is active []

 [524]
Underfull \vbox (badness 10000) has occurred while \output is active []

 [525]
File: Figures/VolumeI/Chapter43/碰撞截面.pdf Graphic file (type pdf)
<use Figures/VolumeI/Chapter43/碰撞截面.pdf>

[526] [527]
Underfull \vbox (badness 1077) has occurred while \output is active []

 [528]
File: Figures/VolumeI/Chapter43/电离气体的电流.pdf Graphic file (type pdf)
<use Figures/VolumeI/Chapter43/电离气体的电流.pdf>

[529] [530]
Underfull \vbox (badness 4048) has occurred while \output is active []

 [531]
Underfull \vbox (badness 10000) has occurred while \output is active []

 [532]
Underfull \vbox (badness 10000) has occurred while \output is active []

 [533])
[534]
\openout2 = `./Chapters/VolumeI/Chapter44.aux'.

 (./Chapters/VolumeI/Chapter44.tex
第四十四章
File: Figures/VolumeI/Chapter44/加热的橡皮带.pdf Graphic file (type pdf)
<use Figures/VolumeI/Chapter44/加热的橡皮带.pdf>
[535




]
File: Figures/VolumeI/Chapter44/橡皮带加热机.pdf Graphic file (type pdf)
<use Figures/VolumeI/Chapter44/橡皮带加热机.pdf>
 [536] [537]
File: Figures/VolumeI/Chapter44/热机.pdf Graphic file (type pdf)
<use Figures/VolumeI/Chapter44/热机.pdf>
 [538]
File: Figures/VolumeI/Chapter44/可逆的热传递.pdf Graphic file (type pdf)
<use Figures/VolumeI/Chapter44/可逆的热传递.pdf>
File: Figures/VolumeI/Chapter44/卡诺循环中的各个步骤.pdf Graphic file (type pdf)
<use Figures/VolumeI/Chapter44/卡诺循环中的各个步骤.pdf>
 [539]
File: Figures/VolumeI/Chapter44/卡诺循环.pdf Graphic file (type pdf)
<use Figures/VolumeI/Chapter44/卡诺循环.pdf>
 [540]
File: Figures/VolumeI/Chapter44/热机B使可逆机A反向运转.pdf Graphic file (type pdf)
<use Figures/VolumeI/Chapter44/热机B使可逆机A反向运转.pdf>
 [541] [542]
Underfull \vbox (badness 10000) has occurred while \output is active []

 [543]
File: Figures/VolumeI/Chapter44/热机1与2联合起来等于热机3.pdf Graphic file (type pdf)
<use Figures/VolumeI/Chapter44/热机1与2联合起来等于热机3.pdf>

[544]
File: Figures/VolumeI/Chapter44/绝对热力学温度.pdf Graphic file (type pdf)
<use Figures/VolumeI/Chapter44/绝对热力学温度.pdf>

Underfull \vbox (badness 6141) has occurred while \output is active []

 [545]
Underfull \vbox (badness 10000) has occurred while \output is active []

 [546]
File: Figures/VolumeI/Chapter44/在可逆变化中熵的改变.pdf Graphic file (type pdf)
<use Figures/VolumeI/Chapter44/在可逆变化中熵的改变.pdf>

Underfull \vbox (badness 6944) has occurred while \output is active []

 [547]
File: Figures/VolumeI/Chapter44/在完全可逆循环中熵的改变.pdf Graphic file (type pdf)
<use Figures/VolumeI/Chapter44/在完全可逆循环中熵的改变.pdf>

[548] [549]
Underfull \hbox (badness 10000) in paragraph at lines 346--346

 []


Underfull \hbox (badness 10000) in paragraph at lines 346--346

 []


Overfull \hbox (11.79999pt too wide) in paragraph at lines 346--347
 [] 
 []

) [550]
\openout2 = `./Chapters/VolumeI/Chapter45.aux'.

 (./Chapters/VolumeI/Chapter45.tex
第四十五章
[551




]
Underfull \vbox (badness 2409) has occurred while \output is active []

 [552]
File: Figures/VolumeI/Chapter45/卡诺循环的压强-体积图.pdf Graphic file (type pdf)
<use Figures/VolumeI/Chapter45/卡诺循环的压强-体积图.pdf>
File: Figures/VolumeI/Chapter45/阴影面积=虚线所包围的面积=长方形面积.pdf Graphic file (type pdf)

<use Figures/VolumeI/Chapter45/阴影面积=虚线所包围的面积=长方形面积.pdf>

[553] [554]
Underfull \vbox (badness 10000) has occurred while \output is active []

 [555]
Underfull \vbox (badness 10000) has occurred while \output is active []

 [556]
File: Figures/VolumeI/Chapter45/在汽缸中进行压缩的可凝结蒸气的等温线。在左边，物质处于液相。在右边，物质汽化。在中央部分，液体
和蒸气并存.pdf Graphic file (type pdf)
<use Figures/VolumeI/Chapter45/在汽缸中进行压缩的可凝结蒸气的等温线。在左边，物质处于液相。在右边，物质汽化。在中央部分，液体和
蒸气并存.pdf>

[557]
File: Figures/VolumeI/Chapter45/汽缸中可凝结蒸气的卡诺循环压强-体积图.pdf Graphic file (type pdf)

<use Figures/VolumeI/Chapter45/汽缸中可凝结蒸气的卡诺循环压强-体积图.pdf>

Underfull \vbox (badness 1867) has occurred while \output is active []

 [558]
Underfull \vbox (badness 10000) has occurred while \output is active []

 [559]
Underfull \vbox (badness 10000) has occurred while \output is active []

 [560])
[561]
\openout2 = `./Chapters/VolumeI/Chapter46.aux'.

 (./Chapters/VolumeI/Chapter46.tex [562




]
第四十六章
File: Figures/VolumeI/Chapter46/棘轮和掣爪机械.pdf Graphic file (type pdf)
<use Figures/VolumeI/Chapter46/棘轮和掣爪机械.pdf>
[563] [564]
File: Figures/VolumeI/Chapter46/Table/棘轮和掣爪的运行过程小结.pdf Graphic file (type pdf)
<use Figures/VolumeI/Chapter46/Table/棘轮和掣爪的运行过程小结.pdf>

Underfull \vbox (badness 10000) has occurred while \output is active []

 [565]
File: Figures/VolumeI/Chapter46/棘轮的角速度与力矩的关系.pdf Graphic file (type pdf)
<use Figures/VolumeI/Chapter46/棘轮的角速度与力矩的关系.pdf>

[566] [567] [568]
Underfull \vbox (badness 4569) has occurred while \output is active []

 [569]
[570] [571]) [572]
\openout2 = `./Chapters/VolumeI/Chapter47.aux'.

 (./Chapters/VolumeI/Chapter47.tex
第四十七章
File: Figures/VolumeI/Chapter47/频率略有差异的两个波源在时间上的干涉形成拍.pdf Graphic file (type pd
f)
<use Figures/VolumeI/Chapter47/频率略有差异的两个波源在时间上的干涉形成拍.pdf>
[573




]
File: Figures/VolumeI/Chapter47/实线表示在某一瞬时电场的可能情况，虚线表示在时间t后的电场.pdf Graphic file 
(type pdf)
<use Figures/VolumeI/Chapter47/实线表示在某一瞬时电场的可能情况，虚线表示在时间t后的电场.pdf>
 [574] [575] [576]
File: Figures/VolumeI/Chapter47/在x处空气的位移为.pdf Graphic file (type pdf)
<use Figures/VolumeI/Chapter47/在x处空气的位移为.pdf>

Underfull \vbox (badness 10000) has occurred while \output is active []

 [577]
File: Figures/VolumeI/Chapter47/作用在垂直于x的单位面积上的压强在正x方向上所产生的净力是.pdf Graphic file 
(type pdf)
<use Figures/VolumeI/Chapter47/作用在垂直于x的单位面积上的压强在正x方向上所产生的净力是.pdf>

Underfull \vbox (badness 10000) has occurred while \output is active []

 [578]
[579] [580]) [581]
\openout2 = `./Chapters/VolumeI/Chapter48.aux'.

 (./Chapters/VolumeI/Chapter48.tex [582




]
第四十八章
File: Figures/VolumeI/Chapter48/频率比为8-10的两列余弦波的叠加。图中各个“拍”内的图样精确重复这一点在一般情况下并不具有代
表性.pdf Graphic file (type pdf)
<use Figures/VolumeI/Chapter48/频率比为8-10的两列余弦波的叠加。图中各个“拍”内的图样精确重复这一点在一般情况下并不具有代表
性.pdf>

Underfull \vbox (badness 10000) has occurred while \output is active []

 [583]
Underfull \vbox (badness 10000) has occurred while \output is active []

 [584]
[585]
File: Figures/VolumeI/Chapter48/两个相同频率复矢量的合成.pdf Graphic file (type pdf)
<use Figures/VolumeI/Chapter48/两个相同频率复矢量的合成.pdf>
File: Figures/VolumeI/Chapter48/以一个旋转矢量为参考系来看，两个不同频率的复矢量的合成。图中绘出了缓慢旋转的矢量的九个相继位置
.pdf Graphic file (type pdf)
<use Figures/VolumeI/Chapter48/以一个旋转矢量为参考系来看，两个不同频率的复矢量的合成。图中绘出了缓慢旋转的矢量的九个相继位置.
pdf>
File: Figures/VolumeI/Chapter48/调制载波.pdf Graphic file (type pdf)
<use Figures/VolumeI/Chapter48/调制载波.pdf>
 [586]
File: Figures/VolumeI/Chapter48/载波被单个正弦波调制时的频谱.pdf Graphic file (type pdf)
<use Figures/VolumeI/Chapter48/载波被单个正弦波调制时的频谱.pdf>
 [587] [588] [589]
Underfull \vbox (badness 1472) has occurred while \output is active []

 [590]
File: Figures/VolumeI/Chapter48/定域波列.pdf Graphic file (type pdf)
<use Figures/VolumeI/Chapter48/定域波列.pdf>

[591] [592]
Overfull \hbox (1.01686pt too wide) in paragraph at lines 274--275
[]\TU/SimSun(0)/m/n/12 其 次，|  我 们 要 讨 论 的 是 三 维 空 间 中 的 波 动 方 程。|  我 们 知 道 一 维 
声 波 方 程 的 解 是 $\OML/cmm/m/it/12 e[]$
 []


Underfull \vbox (badness 1496) has occurred while \output is active []

 [593]
[594]) [595]
\openout2 = `./Chapters/VolumeI/Chapter49.aux'.

 (./Chapters/VolumeI/Chapter49.tex [596




]
第四十九章
File: Figures/VolumeI/Chapter49/把波的反射看作为两个行波的叠加.pdf Graphic file (type pdf)
<use Figures/VolumeI/Chapter49/把波的反射看作为两个行波的叠加.pdf>
[597]
Underfull \vbox (badness 10000) has occurred while \output is active []

 [598]
[599]
File: Figures/VolumeI/Chapter49/振动弦的前三种模式.pdf Graphic file (type pdf)
<use Figures/VolumeI/Chapter49/振动弦的前三种模式.pdf>
File: Figures/VolumeI/Chapter49/两种模式组合成一个行波.pdf Graphic file (type pdf)
<use Figures/VolumeI/Chapter49/两种模式组合成一个行波.pdf>
File: Figures/VolumeI/Chapter49/振动的矩形板.pdf Graphic file (type pdf)
<use Figures/VolumeI/Chapter49/振动的矩形板.pdf>

Underfull \vbox (badness 1331) has occurred while \output is active []

 [600]
Underfull \vbox (badness 10000) has occurred while \output is active []

 [601]
File: Figures/VolumeI/Chapter49/Table/49-1.pdf Graphic file (type pdf)
<use Figures/VolumeI/Chapter49/Table/49-1.pdf>

Underfull \vbox (badness 10000) has occurred while \output is active []

 [602]
[603]
File: Figures/VolumeI/Chapter49/两个耦合摆.pdf Graphic file (type pdf)
<use Figures/VolumeI/Chapter49/两个耦合摆.pdf>

Underfull \vbox (badness 10000) has occurred while \output is active []

 [604]
[605]) [606]
\openout2 = `./Chapters/VolumeI/Chapter50.aux'.

 (./Chapters/VolumeI/Chapter50.tex
第五十章
[607




]
File: Figures/VolumeI/Chapter50/压力与时间的关系.pdf Graphic file (type pdf)
<use Figures/VolumeI/Chapter50/压力与时间的关系.pdf>
 [608]
File: Figures/VolumeI/Chapter50/任何周期函数f（t）等于简谐函数之和.pdf Graphic file (type pdf)
<use Figures/VolumeI/Chapter50/任何周期函数f（t）等于简谐函数之和.pdf>

Underfull \vbox (badness 7704) has occurred while \output is active []

 [609]
[610]
Underfull \vbox (badness 10000) has occurred while \output is active []

 [611]
[612]
Underfull \vbox (badness 10000) has occurred while \output is active []

 [613]
File: Figures/VolumeI/Chapter50/方波函数.pdf Graphic file (type pdf)
<use Figures/VolumeI/Chapter50/方波函数.pdf>

Underfull \vbox (badness 2318) has occurred while \output is active []

 [614]
Underfull \vbox (badness 1990) has occurred while \output is active []

 [615]
File: Figures/VolumeI/Chapter50/线性和非线性响应.pdf Graphic file (type pdf)
<use Figures/VolumeI/Chapter50/线性和非线性响应.pdf>
File: Figures/VolumeI/Chapter50/一个非线性装置对输入的响应，图中虚线表示线性响应，以供比较.pdf Graphic file 
(type pdf)
<use Figures/VolumeI/Chapter50/一个非线性装置对输入的响应，图中虚线表示线性响应，以供比较.pdf>

[616]
Underfull \vbox (badness 3260) has occurred while \output is active []

 [617])
[618]
\openout2 = `./Chapters/VolumeI/Chapter51.aux'.

 (./Chapters/VolumeI/Chapter51.tex
第五十一章
File: Figures/VolumeI/Chapter51/冲击波的波前位于以源为顶点.pdf Graphic file (type pdf)
<use Figures/VolumeI/Chapter51/冲击波的波前位于以源为顶点.pdf>

Underfull \vbox (badness 10000) has occurred while \output is active []

 [619




]
File: Figures/VolumeI/Chapter51/超音速抛射体在气体中所产生的冲击波.png Graphic file (type bmp)
<Figures/VolumeI/Chapter51/超音速抛射体在气体中所产生的冲击波.png>

Underfull \vbox (badness 10000) has occurred while \output is active []

 [620]
File: Figures/VolumeI/Chapter51/在相继的几个瞬间及时拍下的波前的“快照”.pdf Graphic file (type pdf
)
<use Figures/VolumeI/Chapter51/在相继的几个瞬间及时拍下的波前的“快照”.pdf>
File: Figures/VolumeI/Chapter51/51-4.png Graphic file (type bmp)
<Figures/VolumeI/Chapter51/51-4.png>

[621]
File: Figures/VolumeI/Chapter51/水槽中一个激浪的两个横截面，其中（b）比（a）迟.pdf Graphic file (type
 pdf)
<use Figures/VolumeI/Chapter51/水槽中一个激浪的两个横截面，其中（b）比（a）迟.pdf>
 [622] [623]
File: Figures/VolumeI/Chapter51/地球的示意图，表示纵声波和横声波的路径.pdf Graphic file (type pdf)

<use Figures/VolumeI/Chapter51/地球的示意图，表示纵声波和横声波的路径.pdf>
 [624]
File: Figures/VolumeI/Chapter51/图中所示的相干性可作为这两个地震台之间的耦合程度的量度.pdf Graphic file (t
ype pdf)
<use Figures/VolumeI/Chapter51/图中所示的相干性可作为这两个地震台之间的耦合程度的量度.pdf>
 [625]
File: Figures/VolumeI/Chapter51/某一地震仪记录的高分辨分析，其中显示出双重谱线.pdf Graphic file (type 
pdf)
<use Figures/VolumeI/Chapter51/某一地震仪记录的高分辨分析，其中显示出双重谱线.pdf>
 [626]
File: Figures/VolumeI/Chapter51/深水水波是由水的粒子作圆周运动而形成的。注意，圆与圆之间的对称性相移。漂浮物体将怎样运动呢？.
pdf Graphic file (type pdf)
<use Figures/VolumeI/Chapter51/深水水波是由水的粒子作圆周运动而形成的。注意，圆与圆之间的对称性相移。漂浮物体将怎样运动呢？.p
df>
 [627]
File: Figures/VolumeI/Chapter51/小船的尾流.png Graphic file (type bmp)
<Figures/VolumeI/Chapter51/小船的尾流.png>

Underfull \vbox (badness 4181) has occurred while \output is active []

 [628]
File: Figures/VolumeI/Chapter51/水波的相速度对波长的曲线.pdf Graphic file (type pdf)
<use Figures/VolumeI/Chapter51/水波的相速度对波长的曲线.pdf>

Underfull \vbox (badness 10000) has occurred while \output is active []

 [629]
File: Figures/VolumeI/Chapter51/水波.png Graphic file (type bmp)
<Figures/VolumeI/Chapter51/水波.png>
)
[630]
\openout2 = `./Chapters/VolumeI/Chapter52.aux'.

 (./Chapters/VolumeI/Chapter52.tex
第五十二章

Underfull \vbox (badness 1348) has occurred while \output is active []

 [631




]
[632] [633] [634] [635]
File: Figures/VolumeI/Chapter52/（a）L-丙氨酸（左）；（b）D-丙氨酸（右）.png Graphic file (type 
bmp)
<Figures/VolumeI/Chapter52/（a）L-丙氨酸（左）；（b）D-丙氨酸（右）.png>
 [636] [637]
File: Figures/VolumeI/Chapter52/空间的位移矢量与其镜像.pdf Graphic file (type pdf)
<use Figures/VolumeI/Chapter52/空间的位移矢量与其镜像.pdf>
File: Figures/VolumeI/Chapter52/转轮与其镜像。注意角速度“矢量”方向并没有反转.pdf Graphic file (type 
pdf)
<use Figures/VolumeI/Chapter52/转轮与其镜像。注意角速度“矢量”方向并没有反转.pdf>
File: Figures/VolumeI/Chapter52/磁铁与其镜像.pdf Graphic file (type pdf)
<use Figures/VolumeI/Chapter52/磁铁与其镜像.pdf>
 [638] [639]
File: Figures/VolumeI/Chapter52/粒子衰变的简图.pdf Graphic file (type pdf)
<use Figures/VolumeI/Chapter52/粒子衰变的简图.pdf>
 [640] [641] [642] [643])
[644] [645



] [646]
\openout2 = `./Chapters/VolumeII/Chapter1.aux'.

 (./Chapters/VolumeII/Chapter1.tex
第五十三章
[647


] [648]) [649] [650] [651



] [652]
\openout2 = `./Chapters/VolumeIII/Chapter1.aux'.

 (./Chapters/VolumeIII/Chapter1.tex
第五十四章
) [653


] [654]
Underfull \hbox (badness 10000) in alignment at lines 431--431
[][][][] 
 []

[655



] (./Feynman Lectures on Physics.aux (./Chapters/VolumeI/Chapter1.aux)
(./Chapters/VolumeI/Chapter2.aux) (./Chapters/VolumeI/Chapter3.aux)
(./Chapters/VolumeI/Chapter4.aux) (./Chapters/VolumeI/Chapter5.aux)
(./Chapters/VolumeI/Chapter6.aux) (./Chapters/VolumeI/Chapter7.aux)
(./Chapters/VolumeI/Chapter8.aux) (./Chapters/VolumeI/Chapter9.aux)
(./Chapters/VolumeI/Chapter10.aux) (./Chapters/VolumeI/Chapter11.aux)
(./Chapters/VolumeI/Chapter12.aux) (./Chapters/VolumeI/Chapter13.aux)
(./Chapters/VolumeI/Chapter14.aux) (./Chapters/VolumeI/Chapter15.aux)
(./Chapters/VolumeI/Chapter16.aux) (./Chapters/VolumeI/Chapter17.aux)
(./Chapters/VolumeI/Chapter18.aux) (./Chapters/VolumeI/Chapter19.aux)
(./Chapters/VolumeI/Chapter20.aux) (./Chapters/VolumeI/Chapter21.aux)
(./Chapters/VolumeI/Chapter22.aux) (./Chapters/VolumeI/Chapter23.aux)
(./Chapters/VolumeI/Chapter24.aux) (./Chapters/VolumeI/Chapter25.aux)
(./Chapters/VolumeI/Chapter26.aux) (./Chapters/VolumeI/Chapter27.aux)
(./Chapters/VolumeI/Chapter28.aux) (./Chapters/VolumeI/Chapter29.aux)
(./Chapters/VolumeI/Chapter30.aux) (./Chapters/VolumeI/Chapter31.aux)
(./Chapters/VolumeI/Chapter32.aux) (./Chapters/VolumeI/Chapter33.aux)
(./Chapters/VolumeI/Chapter34.aux) (./Chapters/VolumeI/Chapter35.aux)
(./Chapters/VolumeI/Chapter36.aux) (./Chapters/VolumeI/Chapter37.aux)
(./Chapters/VolumeI/Chapter38.aux) (./Chapters/VolumeI/Chapter39.aux)
(./Chapters/VolumeI/Chapter40.aux) (./Chapters/VolumeI/Chapter41.aux)
(./Chapters/VolumeI/Chapter42.aux) (./Chapters/VolumeI/Chapter43.aux)
(./Chapters/VolumeI/Chapter44.aux) (./Chapters/VolumeI/Chapter45.aux)
(./Chapters/VolumeI/Chapter46.aux) (./Chapters/VolumeI/Chapter47.aux)
(./Chapters/VolumeI/Chapter48.aux) (./Chapters/VolumeI/Chapter49.aux)
(./Chapters/VolumeI/Chapter50.aux) (./Chapters/VolumeI/Chapter51.aux)
(./Chapters/VolumeI/Chapter52.aux) (./Chapters/VolumeII/Chapter1.aux)
(./Chapters/VolumeIII/Chapter1.aux))
 ***********
LaTeX2e <2025-11-01>
L3 programming layer <2022/07/14>
 ***********


LaTeX Font Warning: Some font shapes were not available, defaults substituted.

Package rerunfilecheck Info: File `"Feynman Lectures on Physics".out' has not c
hanged.
(rerunfilecheck)             Checksum: <no file>.
 ) 
Here is how much of TeX's memory you used:
 44106 strings out of 468006
 1169093 string characters out of 5432520
 1321911 words of memory out of 6000000
 71651 multiletter control sequences out of 15000+600000
 643546 words of font info for 132 fonts, out of 8000000 for 9000
 1348 hyphenation exceptions out of 8191
 103i,19n,118p,1419b,1095s stack positions out of 10000i,1000n,20000p,200000b,200000s

Output written on Feynman Lectures on Physics.xdv (693 pages, 11531740 bytes).
